Feature Selection Method,Missing Rate,Pipeline 1,Pipeline 2,p-value
information_gain,0.1,KNN-Imputer_SV-Classifier,KNN-Imputer_RF-Classifier,0.1431403417043558
information_gain,0.1,KNN-Imputer_SV-Classifier,KNN-Imputer_XGB-Classifier,0.0061617605417517264
information_gain,0.1,KNN-Imputer_SV-Classifier,Mean-Imputer_SV-Classifier,0.3305863240422059
information_gain,0.1,KNN-Imputer_SV-Classifier,Mean-Imputer_RF-Classifier,0.024056657844049426
information_gain,0.1,KNN-Imputer_SV-Classifier,Mean-Imputer_XGB-Classifier,0.0141079971094616
information_gain,0.1,KNN-Imputer_SV-Classifier,RF-Imputer_SV-Classifier,0.7349156834043101
information_gain,0.1,KNN-Imputer_SV-Classifier,RF-Imputer_RF-Classifier,0.12898177560018725
information_gain,0.1,KNN-Imputer_SV-Classifier,RF-Imputer_XGB-Classifier,0.0011775947698884118
information_gain,0.1,KNN-Imputer_RF-Classifier,KNN-Imputer_XGB-Classifier,0.023687932306049413
information_gain,0.1,KNN-Imputer_RF-Classifier,Mean-Imputer_SV-Classifier,0.07281687156128937
information_gain,0.1,KNN-Imputer_RF-Classifier,Mean-Imputer_RF-Classifier,0.07474697083125927
information_gain,0.1,KNN-Imputer_RF-Classifier,Mean-Imputer_XGB-Classifier,0.07637819771936992
information_gain,0.1,KNN-Imputer_RF-Classifier,RF-Imputer_SV-Classifier,0.0979491613199137
information_gain,0.1,KNN-Imputer_RF-Classifier,RF-Imputer_RF-Classifier,0.8541481085040353
information_gain,0.1,KNN-Imputer_RF-Classifier,RF-Imputer_XGB-Classifier,0.018437450463920174
information_gain,0.1,KNN-Imputer_XGB-Classifier,Mean-Imputer_SV-Classifier,0.0057639137231484325
information_gain,0.1,KNN-Imputer_XGB-Classifier,Mean-Imputer_RF-Classifier,0.19124824897889137
information_gain,0.1,KNN-Imputer_XGB-Classifier,Mean-Imputer_XGB-Classifier,0.45237393541954174
information_gain,0.1,KNN-Imputer_XGB-Classifier,RF-Imputer_SV-Classifier,0.007292128484493914
information_gain,0.1,KNN-Imputer_XGB-Classifier,RF-Imputer_RF-Classifier,0.017140807659710832
information_gain,0.1,KNN-Imputer_XGB-Classifier,RF-Imputer_XGB-Classifier,0.36784866199076827
information_gain,0.1,Mean-Imputer_SV-Classifier,Mean-Imputer_RF-Classifier,0.00934988961820252
information_gain,0.1,Mean-Imputer_SV-Classifier,Mean-Imputer_XGB-Classifier,0.009905976439724037
information_gain,0.1,Mean-Imputer_SV-Classifier,RF-Imputer_SV-Classifier,0.5109334460371606
information_gain,0.1,Mean-Imputer_SV-Classifier,RF-Imputer_RF-Classifier,0.09421126256828861
information_gain,0.1,Mean-Imputer_SV-Classifier,RF-Imputer_XGB-Classifier,0.0006981734770496905
information_gain,0.1,Mean-Imputer_RF-Classifier,Mean-Imputer_XGB-Classifier,0.5690468650292928
information_gain,0.1,Mean-Imputer_RF-Classifier,RF-Imputer_SV-Classifier,0.011941647484793965
information_gain,0.1,Mean-Imputer_RF-Classifier,RF-Imputer_RF-Classifier,0.18858766802156413
information_gain,0.1,Mean-Imputer_RF-Classifier,RF-Imputer_XGB-Classifier,0.39319703549818064
information_gain,0.1,Mean-Imputer_XGB-Classifier,RF-Imputer_SV-Classifier,0.013135441411178398
information_gain,0.1,Mean-Imputer_XGB-Classifier,RF-Imputer_RF-Classifier,0.15046514516100537
information_gain,0.1,Mean-Imputer_XGB-Classifier,RF-Imputer_XGB-Classifier,0.9999999999999987
information_gain,0.1,RF-Imputer_SV-Classifier,RF-Imputer_RF-Classifier,0.13893173123639233
information_gain,0.1,RF-Imputer_SV-Classifier,RF-Imputer_XGB-Classifier,0.0013831450060031842
information_gain,0.1,RF-Imputer_RF-Classifier,RF-Imputer_XGB-Classifier,0.04893804997846352
information_gain,0.2,KNN-Imputer_SV-Classifier,KNN-Imputer_RF-Classifier,0.6799983955333657
information_gain,0.2,KNN-Imputer_SV-Classifier,KNN-Imputer_XGB-Classifier,0.9182748965617717
information_gain,0.2,KNN-Imputer_SV-Classifier,Mean-Imputer_SV-Classifier,0.18423223207117184
information_gain,0.2,KNN-Imputer_SV-Classifier,Mean-Imputer_RF-Classifier,0.8866782914728928
information_gain,0.2,KNN-Imputer_SV-Classifier,Mean-Imputer_XGB-Classifier,0.038744921448363674
information_gain,0.2,KNN-Imputer_SV-Classifier,RF-Imputer_SV-Classifier,0.13270266205919945
information_gain,0.2,KNN-Imputer_SV-Classifier,RF-Imputer_RF-Classifier,0.26946964556910835
information_gain,0.2,KNN-Imputer_SV-Classifier,RF-Imputer_XGB-Classifier,0.48061908906836615
information_gain,0.2,KNN-Imputer_RF-Classifier,KNN-Imputer_XGB-Classifier,0.43799275409156335
information_gain,0.2,KNN-Imputer_RF-Classifier,Mean-Imputer_SV-Classifier,0.5889340423450644
information_gain,0.2,KNN-Imputer_RF-Classifier,Mean-Imputer_RF-Classifier,0.7076287242316264
information_gain,0.2,KNN-Imputer_RF-Classifier,Mean-Imputer_XGB-Classifier,0.026683535583355622
information_gain,0.2,KNN-Imputer_RF-Classifier,RF-Imputer_SV-Classifier,0.24085451402956806
information_gain,0.2,KNN-Imputer_RF-Classifier,RF-Imputer_RF-Classifier,0.4918419706447523
information_gain,0.2,KNN-Imputer_RF-Classifier,RF-Imputer_XGB-Classifier,0.3219827226260894
information_gain,0.2,KNN-Imputer_XGB-Classifier,Mean-Imputer_SV-Classifier,0.3858516619430232
information_gain,0.2,KNN-Imputer_XGB-Classifier,Mean-Imputer_RF-Classifier,0.7658575445517851
information_gain,0.2,KNN-Imputer_XGB-Classifier,Mean-Imputer_XGB-Classifier,0.09483975622001711
information_gain,0.2,KNN-Imputer_XGB-Classifier,RF-Imputer_SV-Classifier,0.5679582036271671
information_gain,0.2,KNN-Imputer_XGB-Classifier,RF-Imputer_RF-Classifier,0.20567505453354995
information_gain,0.2,KNN-Imputer_XGB-Classifier,RF-Imputer_XGB-Classifier,0.6072595687789057
information_gain,0.2,Mean-Imputer_SV-Classifier,Mean-Imputer_RF-Classifier,0.46467661247648884
information_gain,0.2,Mean-Imputer_SV-Classifier,Mean-Imputer_XGB-Classifier,0.005398017723690233
information_gain,0.2,Mean-Imputer_SV-Classifier,RF-Imputer_SV-Classifier,0.02725242455045323
information_gain,0.2,Mean-Imputer_SV-Classifier,RF-Imputer_RF-Classifier,0.9845630856445129
information_gain,0.2,Mean-Imputer_SV-Classifier,RF-Imputer_XGB-Classifier,0.14402249497849606
information_gain,0.2,Mean-Imputer_RF-Classifier,Mean-Imputer_XGB-Classifier,0.041512538295298176
information_gain,0.2,Mean-Imputer_RF-Classifier,RF-Imputer_SV-Classifier,0.3470950760697208
information_gain,0.2,Mean-Imputer_RF-Classifier,RF-Imputer_RF-Classifier,0.26170444060049586
information_gain,0.2,Mean-Imputer_RF-Classifier,RF-Imputer_XGB-Classifier,0.50463185644532
information_gain,0.2,Mean-Imputer_XGB-Classifier,RF-Imputer_SV-Classifier,0.2861852874294319
information_gain,0.2,Mean-Imputer_XGB-Classifier,RF-Imputer_RF-Classifier,0.010606207475443774
information_gain,0.2,Mean-Imputer_XGB-Classifier,RF-Imputer_XGB-Classifier,0.18165050238436473
information_gain,0.2,RF-Imputer_SV-Classifier,RF-Imputer_RF-Classifier,0.06421281416836314
information_gain,0.2,RF-Imputer_SV-Classifier,RF-Imputer_XGB-Classifier,0.895000602096033
information_gain,0.2,RF-Imputer_RF-Classifier,RF-Imputer_XGB-Classifier,0.10646061680733986
information_gain,0.3,KNN-Imputer_SV-Classifier,KNN-Imputer_RF-Classifier,0.3786287090367072
information_gain,0.3,KNN-Imputer_SV-Classifier,KNN-Imputer_XGB-Classifier,0.01770590898195477
information_gain,0.3,KNN-Imputer_SV-Classifier,Mean-Imputer_SV-Classifier,0.37243936309393144
information_gain,0.3,KNN-Imputer_SV-Classifier,Mean-Imputer_RF-Classifier,0.10065812057163008
information_gain,0.3,KNN-Imputer_SV-Classifier,Mean-Imputer_XGB-Classifier,0.07585406501389308
information_gain,0.3,KNN-Imputer_SV-Classifier,RF-Imputer_SV-Classifier,0.552503687989495
information_gain,0.3,KNN-Imputer_SV-Classifier,RF-Imputer_RF-Classifier,0.1928355832499164
information_gain,0.3,KNN-Imputer_SV-Classifier,RF-Imputer_XGB-Classifier,0.008784388830465905
information_gain,0.3,KNN-Imputer_RF-Classifier,KNN-Imputer_XGB-Classifier,0.026925400679905977
information_gain,0.3,KNN-Imputer_RF-Classifier,Mean-Imputer_SV-Classifier,0.155027300085084
information_gain,0.3,KNN-Imputer_RF-Classifier,Mean-Imputer_RF-Classifier,0.461163649321396
information_gain,0.3,KNN-Imputer_RF-Classifier,Mean-Imputer_XGB-Classifier,0.18310806287603407
information_gain,0.3,KNN-Imputer_RF-Classifier,RF-Imputer_SV-Classifier,0.14784612650290038
information_gain,0.3,KNN-Imputer_RF-Classifier,RF-Imputer_RF-Classifier,0.4282938164779082
information_gain,0.3,KNN-Imputer_RF-Classifier,RF-Imputer_XGB-Classifier,0.026400025780797618
information_gain,0.3,KNN-Imputer_XGB-Classifier,Mean-Imputer_SV-Classifier,0.005224893805699824
information_gain,0.3,KNN-Imputer_XGB-Classifier,Mean-Imputer_RF-Classifier,0.19859055522042757
information_gain,0.3,KNN-Imputer_XGB-Classifier,Mean-Imputer_XGB-Classifier,0.7512347359638738
information_gain,0.3,KNN-Imputer_XGB-Classifier,RF-Imputer_SV-Classifier,0.0043661511803010965
information_gain,0.3,KNN-Imputer_XGB-Classifier,RF-Imputer_RF-Classifier,0.3107576488217815
information_gain,0.3,KNN-Imputer_XGB-Classifier,RF-Imputer_XGB-Classifier,0.36134944779241196
information_gain,0.3,Mean-Imputer_SV-Classifier,Mean-Imputer_RF-Classifier,0.021665471420662195
information_gain,0.3,Mean-Imputer_SV-Classifier,Mean-Imputer_XGB-Classifier,0.026711443385615333
information_gain,0.3,Mean-Imputer_SV-Classifier,RF-Imputer_SV-Classifier,0.8062845878013989
information_gain,0.3,Mean-Imputer_SV-Classifier,RF-Imputer_RF-Classifier,0.09032470489003955
information_gain,0.3,Mean-Imputer_SV-Classifier,RF-Imputer_XGB-Classifier,0.0017487183182950542
information_gain,0.3,Mean-Imputer_RF-Classifier,Mean-Imputer_XGB-Classifier,0.34004669669675647
information_gain,0.3,Mean-Imputer_RF-Classifier,RF-Imputer_SV-Classifier,0.004798158422810407
information_gain,0.3,Mean-Imputer_RF-Classifier,RF-Imputer_RF-Classifier,0.7554589096527743
information_gain,0.3,Mean-Imputer_RF-Classifier,RF-Imputer_XGB-Classifier,0.023090023164312436
information_gain,0.3,Mean-Imputer_XGB-Classifier,RF-Imputer_SV-Classifier,0.016114487231103848
information_gain,0.3,Mean-Imputer_XGB-Classifier,RF-Imputer_RF-Classifier,0.4311124696403512
information_gain,0.3,Mean-Imputer_XGB-Classifier,RF-Imputer_XGB-Classifier,0.14912496536674671
information_gain,0.3,RF-Imputer_SV-Classifier,RF-Imputer_RF-Classifier,0.03301085435657078
information_gain,0.3,RF-Imputer_SV-Classifier,RF-Imputer_XGB-Classifier,0.00022755592801039043
information_gain,0.3,RF-Imputer_RF-Classifier,RF-Imputer_XGB-Classifier,0.04869652733891951
information_gain,0.4,KNN-Imputer_SV-Classifier,KNN-Imputer_RF-Classifier,0.2859373853040093
information_gain,0.4,KNN-Imputer_SV-Classifier,KNN-Imputer_XGB-Classifier,0.16118547379247775
information_gain,0.4,KNN-Imputer_SV-Classifier,Mean-Imputer_SV-Classifier,0.8650780142118576
information_gain,0.4,KNN-Imputer_SV-Classifier,Mean-Imputer_RF-Classifier,0.20738972469824737
information_gain,0.4,KNN-Imputer_SV-Classifier,Mean-Imputer_XGB-Classifier,0.15488475288529127
information_gain,0.4,KNN-Imputer_SV-Classifier,RF-Imputer_SV-Classifier,0.889600362337291
information_gain,0.4,KNN-Imputer_SV-Classifier,RF-Imputer_RF-Classifier,0.5408812005049848
information_gain,0.4,KNN-Imputer_SV-Classifier,RF-Imputer_XGB-Classifier,0.1828099137189366
information_gain,0.4,KNN-Imputer_RF-Classifier,KNN-Imputer_XGB-Classifier,0.4118561450906636
information_gain,0.4,KNN-Imputer_RF-Classifier,Mean-Imputer_SV-Classifier,0.17143378514797153
information_gain,0.4,KNN-Imputer_RF-Classifier,Mean-Imputer_RF-Classifier,0.8996646775025808
information_gain,0.4,KNN-Imputer_RF-Classifier,Mean-Imputer_XGB-Classifier,0.41574597039944616
information_gain,0.4,KNN-Imputer_RF-Classifier,RF-Imputer_SV-Classifier,0.3761139783452594
information_gain,0.4,KNN-Imputer_RF-Classifier,RF-Imputer_RF-Classifier,0.7777187023601448
information_gain,0.4,KNN-Imputer_RF-Classifier,RF-Imputer_XGB-Classifier,0.5935454812175417
information_gain,0.4,KNN-Imputer_XGB-Classifier,Mean-Imputer_SV-Classifier,0.0949054890496744
information_gain,0.4,KNN-Imputer_XGB-Classifier,Mean-Imputer_RF-Classifier,0.6688823941120178
information_gain,0.4,KNN-Imputer_XGB-Classifier,Mean-Imputer_XGB-Classifier,0.6906759029477492
information_gain,0.4,KNN-Imputer_XGB-Classifier,RF-Imputer_SV-Classifier,0.26397509198444696
information_gain,0.4,KNN-Imputer_XGB-Classifier,RF-Imputer_RF-Classifier,0.4833160759146432
information_gain,0.4,KNN-Imputer_XGB-Classifier,RF-Imputer_XGB-Classifier,0.9713148164337435
information_gain,0.4,Mean-Imputer_SV-Classifier,Mean-Imputer_RF-Classifier,0.1309970281651393
information_gain,0.4,Mean-Imputer_SV-Classifier,Mean-Imputer_XGB-Classifier,0.07767262431634656
information_gain,0.4,Mean-Imputer_SV-Classifier,RF-Imputer_SV-Classifier,0.7779498753317462
information_gain,0.4,Mean-Imputer_SV-Classifier,RF-Imputer_RF-Classifier,0.3553282595745265
information_gain,0.4,Mean-Imputer_SV-Classifier,RF-Imputer_XGB-Classifier,0.12147062981020475
information_gain,0.4,Mean-Imputer_RF-Classifier,Mean-Imputer_XGB-Classifier,0.38519789461160503
information_gain,0.4,Mean-Imputer_RF-Classifier,RF-Imputer_SV-Classifier,0.3608637086912596
information_gain,0.4,Mean-Imputer_RF-Classifier,RF-Imputer_RF-Classifier,0.6187365866175584
information_gain,0.4,Mean-Imputer_RF-Classifier,RF-Imputer_XGB-Classifier,0.6198757841908764
information_gain,0.4,Mean-Imputer_XGB-Classifier,RF-Imputer_SV-Classifier,0.1406921724928356
information_gain,0.4,Mean-Imputer_XGB-Classifier,RF-Imputer_RF-Classifier,0.16420593898901062
information_gain,0.4,Mean-Imputer_XGB-Classifier,RF-Imputer_XGB-Classifier,0.7334618817430778
information_gain,0.4,RF-Imputer_SV-Classifier,RF-Imputer_RF-Classifier,0.5762746074157874
information_gain,0.4,RF-Imputer_SV-Classifier,RF-Imputer_XGB-Classifier,0.3137803700869325
information_gain,0.4,RF-Imputer_RF-Classifier,RF-Imputer_XGB-Classifier,0.40892979103634564
information_gain,0.5,KNN-Imputer_SV-Classifier,KNN-Imputer_RF-Classifier,0.8436450131417391
information_gain,0.5,KNN-Imputer_SV-Classifier,KNN-Imputer_XGB-Classifier,0.7945391861683819
information_gain,0.5,KNN-Imputer_SV-Classifier,Mean-Imputer_SV-Classifier,0.44414752953526804
information_gain,0.5,KNN-Imputer_SV-Classifier,Mean-Imputer_RF-Classifier,0.2660486771914205
information_gain,0.5,KNN-Imputer_SV-Classifier,Mean-Imputer_XGB-Classifier,0.025053650149838756
information_gain,0.5,KNN-Imputer_SV-Classifier,RF-Imputer_SV-Classifier,0.984643722735115
information_gain,0.5,KNN-Imputer_SV-Classifier,RF-Imputer_RF-Classifier,0.13130229301863733
information_gain,0.5,KNN-Imputer_SV-Classifier,RF-Imputer_XGB-Classifier,0.046028564655717114
information_gain,0.5,KNN-Imputer_RF-Classifier,KNN-Imputer_XGB-Classifier,0.5004275342807265
information_gain,0.5,KNN-Imputer_RF-Classifier,Mean-Imputer_SV-Classifier,0.8317684194284548
information_gain,0.5,KNN-Imputer_RF-Classifier,Mean-Imputer_RF-Classifier,0.04297205592099571
information_gain,0.5,KNN-Imputer_RF-Classifier,Mean-Imputer_XGB-Classifier,0.0008366648413348215
information_gain,0.5,KNN-Imputer_RF-Classifier,RF-Imputer_SV-Classifier,0.83139574541016
information_gain,0.5,KNN-Imputer_RF-Classifier,RF-Imputer_RF-Classifier,0.05814675325221466
information_gain,0.5,KNN-Imputer_RF-Classifier,RF-Imputer_XGB-Classifier,0.011277692345208121
information_gain,0.5,KNN-Imputer_XGB-Classifier,Mean-Imputer_SV-Classifier,0.5500080109349444
information_gain,0.5,KNN-Imputer_XGB-Classifier,Mean-Imputer_RF-Classifier,0.19252764187144603
information_gain,0.5,KNN-Imputer_XGB-Classifier,Mean-Imputer_XGB-Classifier,0.007847178366254053
information_gain,0.5,KNN-Imputer_XGB-Classifier,RF-Imputer_SV-Classifier,0.7714557234630486
information_gain,0.5,KNN-Imputer_XGB-Classifier,RF-Imputer_RF-Classifier,0.134788827795096
information_gain,0.5,KNN-Imputer_XGB-Classifier,RF-Imputer_XGB-Classifier,0.04817790896771466
information_gain,0.5,Mean-Imputer_SV-Classifier,Mean-Imputer_RF-Classifier,0.11334464740051468
information_gain,0.5,Mean-Imputer_SV-Classifier,Mean-Imputer_XGB-Classifier,0.008415084245942296
information_gain,0.5,Mean-Imputer_SV-Classifier,RF-Imputer_SV-Classifier,0.5017384209354512
information_gain,0.5,Mean-Imputer_SV-Classifier,RF-Imputer_RF-Classifier,0.03498383959193611
information_gain,0.5,Mean-Imputer_SV-Classifier,RF-Imputer_XGB-Classifier,0.006345741977078569
information_gain,0.5,Mean-Imputer_RF-Classifier,Mean-Imputer_XGB-Classifier,0.09905742287420276
information_gain,0.5,Mean-Imputer_RF-Classifier,RF-Imputer_SV-Classifier,0.21922478746477475
information_gain,0.5,Mean-Imputer_RF-Classifier,RF-Imputer_RF-Classifier,0.7979882248873637
information_gain,0.5,Mean-Imputer_RF-Classifier,RF-Imputer_XGB-Classifier,0.13794090394159225
information_gain,0.5,Mean-Imputer_XGB-Classifier,RF-Imputer_SV-Classifier,0.03135469382923976
information_gain,0.5,Mean-Imputer_XGB-Classifier,RF-Imputer_RF-Classifier,0.19700423021015068
information_gain,0.5,Mean-Imputer_XGB-Classifier,RF-Imputer_XGB-Classifier,0.922493493408325
information_gain,0.5,RF-Imputer_SV-Classifier,RF-Imputer_RF-Classifier,0.07980758508810537
information_gain,0.5,RF-Imputer_SV-Classifier,RF-Imputer_XGB-Classifier,0.03358684279508749
information_gain,0.5,RF-Imputer_RF-Classifier,RF-Imputer_XGB-Classifier,0.24706396164070335
RFE,0.1,KNN-Imputer_SV-Classifier,KNN-Imputer_RF-Classifier,0.35114353073384474
RFE,0.1,KNN-Imputer_SV-Classifier,KNN-Imputer_XGB-Classifier,0.6883289736181329
RFE,0.1,KNN-Imputer_SV-Classifier,Mean-Imputer_SV-Classifier,0.9813892000599729
RFE,0.1,KNN-Imputer_SV-Classifier,Mean-Imputer_RF-Classifier,0.42464327689132164
RFE,0.1,KNN-Imputer_SV-Classifier,Mean-Imputer_XGB-Classifier,0.8800964856670777
RFE,0.1,KNN-Imputer_SV-Classifier,RF-Imputer_SV-Classifier,0.4562120823144806
RFE,0.1,KNN-Imputer_SV-Classifier,RF-Imputer_RF-Classifier,0.8466652790061915
RFE,0.1,KNN-Imputer_SV-Classifier,RF-Imputer_XGB-Classifier,0.36770533417505447
RFE,0.1,KNN-Imputer_RF-Classifier,KNN-Imputer_XGB-Classifier,0.3478928881452208
RFE,0.1,KNN-Imputer_RF-Classifier,Mean-Imputer_SV-Classifier,0.32684399965048205
RFE,0.1,KNN-Imputer_RF-Classifier,Mean-Imputer_RF-Classifier,0.9991423012785368
RFE,0.1,KNN-Imputer_RF-Classifier,Mean-Imputer_XGB-Classifier,0.4045048985797427
RFE,0.1,KNN-Imputer_RF-Classifier,RF-Imputer_SV-Classifier,0.14578595977858505
RFE,0.1,KNN-Imputer_RF-Classifier,RF-Imputer_RF-Classifier,0.41111073315869073
RFE,0.1,KNN-Imputer_RF-Classifier,RF-Imputer_XGB-Classifier,0.7786242011335935
RFE,0.1,KNN-Imputer_XGB-Classifier,Mean-Imputer_SV-Classifier,0.6231366104765268
RFE,0.1,KNN-Imputer_XGB-Classifier,Mean-Imputer_RF-Classifier,0.6054056171758184
RFE,0.1,KNN-Imputer_XGB-Classifier,Mean-Imputer_XGB-Classifier,0.7785944316690246
RFE,0.1,KNN-Imputer_XGB-Classifier,RF-Imputer_SV-Classifier,0.3097026406396966
RFE,0.1,KNN-Imputer_XGB-Classifier,RF-Imputer_RF-Classifier,0.7937441151248725
RFE,0.1,KNN-Imputer_XGB-Classifier,RF-Imputer_XGB-Classifier,0.3424783325348487
RFE,0.1,Mean-Imputer_SV-Classifier,Mean-Imputer_RF-Classifier,0.44155698240774466
RFE,0.1,Mean-Imputer_SV-Classifier,Mean-Imputer_XGB-Classifier,0.8546313062877828
RFE,0.1,Mean-Imputer_SV-Classifier,RF-Imputer_SV-Classifier,0.4113040259710674
RFE,0.1,Mean-Imputer_SV-Classifier,RF-Imputer_RF-Classifier,0.7982227932331151
RFE,0.1,Mean-Imputer_SV-Classifier,RF-Imputer_XGB-Classifier,0.32817072027490823
RFE,0.1,Mean-Imputer_RF-Classifier,Mean-Imputer_XGB-Classifier,0.37267046624903477
RFE,0.1,Mean-Imputer_RF-Classifier,RF-Imputer_SV-Classifier,0.21317545904171725
RFE,0.1,Mean-Imputer_RF-Classifier,RF-Imputer_RF-Classifier,0.43712590341455804
RFE,0.1,Mean-Imputer_RF-Classifier,RF-Imputer_XGB-Classifier,0.7741932341071013
RFE,0.1,Mean-Imputer_XGB-Classifier,RF-Imputer_SV-Classifier,0.49637356109222586
RFE,0.1,Mean-Imputer_XGB-Classifier,RF-Imputer_RF-Classifier,0.990886612562005
RFE,0.1,Mean-Imputer_XGB-Classifier,RF-Imputer_XGB-Classifier,0.2574808785251399
RFE,0.1,RF-Imputer_SV-Classifier,RF-Imputer_RF-Classifier,0.41401903567754794
RFE,0.1,RF-Imputer_SV-Classifier,RF-Imputer_XGB-Classifier,0.11099661881505793
RFE,0.1,RF-Imputer_RF-Classifier,RF-Imputer_XGB-Classifier,0.30086153113316605
RFE,0.2,KNN-Imputer_SV-Classifier,KNN-Imputer_RF-Classifier,0.686218284823727
RFE,0.2,KNN-Imputer_SV-Classifier,KNN-Imputer_XGB-Classifier,0.32686620536134503
RFE,0.2,KNN-Imputer_SV-Classifier,Mean-Imputer_SV-Classifier,0.464651681426411
RFE,0.2,KNN-Imputer_SV-Classifier,Mean-Imputer_RF-Classifier,0.18116371725792857
RFE,0.2,KNN-Imputer_SV-Classifier,Mean-Imputer_XGB-Classifier,0.5953571102508077
RFE,0.2,KNN-Imputer_SV-Classifier,RF-Imputer_SV-Classifier,0.6443269581659956
RFE,0.2,KNN-Imputer_SV-Classifier,RF-Imputer_RF-Classifier,0.14321559607318177
RFE,0.2,KNN-Imputer_SV-Classifier,RF-Imputer_XGB-Classifier,0.41127078724534927
RFE,0.2,KNN-Imputer_RF-Classifier,KNN-Imputer_XGB-Classifier,0.49402353741635674
RFE,0.2,KNN-Imputer_RF-Classifier,Mean-Imputer_SV-Classifier,0.5091859550865661
RFE,0.2,KNN-Imputer_RF-Classifier,Mean-Imputer_RF-Classifier,0.1162878408916828
RFE,0.2,KNN-Imputer_RF-Classifier,Mean-Imputer_XGB-Classifier,0.9810165979014878
RFE,0.2,KNN-Imputer_RF-Classifier,RF-Imputer_SV-Classifier,0.5121803869709216
RFE,0.2,KNN-Imputer_RF-Classifier,RF-Imputer_RF-Classifier,0.12984018655830712
RFE,0.2,KNN-Imputer_RF-Classifier,RF-Imputer_XGB-Classifier,0.5923750154766323
RFE,0.2,KNN-Imputer_XGB-Classifier,Mean-Imputer_SV-Classifier,0.21909006740197953
RFE,0.2,KNN-Imputer_XGB-Classifier,Mean-Imputer_RF-Classifier,0.4179881856734362
RFE,0.2,KNN-Imputer_XGB-Classifier,Mean-Imputer_XGB-Classifier,0.4862866435370037
RFE,0.2,KNN-Imputer_XGB-Classifier,RF-Imputer_SV-Classifier,0.31765366378480553
RFE,0.2,KNN-Imputer_XGB-Classifier,RF-Imputer_RF-Classifier,0.2805419901837907
RFE,0.2,KNN-Imputer_XGB-Classifier,RF-Imputer_XGB-Classifier,0.9801033937377769
RFE,0.2,Mean-Imputer_SV-Classifier,Mean-Imputer_RF-Classifier,0.12069007034148006
RFE,0.2,Mean-Imputer_SV-Classifier,Mean-Imputer_XGB-Classifier,0.40339051919190894
RFE,0.2,Mean-Imputer_SV-Classifier,RF-Imputer_SV-Classifier,0.9836541986375296
RFE,0.2,Mean-Imputer_SV-Classifier,RF-Imputer_RF-Classifier,0.11733663290878764
RFE,0.2,Mean-Imputer_SV-Classifier,RF-Imputer_XGB-Classifier,0.29731075408082747
RFE,0.2,Mean-Imputer_RF-Classifier,Mean-Imputer_XGB-Classifier,0.10362653069657782
RFE,0.2,Mean-Imputer_RF-Classifier,RF-Imputer_SV-Classifier,0.18788462087723168
RFE,0.2,Mean-Imputer_RF-Classifier,RF-Imputer_RF-Classifier,0.8121271697147067
RFE,0.2,Mean-Imputer_RF-Classifier,RF-Imputer_XGB-Classifier,0.5195888211947077
RFE,0.2,Mean-Imputer_XGB-Classifier,RF-Imputer_SV-Classifier,0.4937524576758301
RFE,0.2,Mean-Imputer_XGB-Classifier,RF-Imputer_RF-Classifier,0.05991920661884694
RFE,0.2,Mean-Imputer_XGB-Classifier,RF-Imputer_XGB-Classifier,0.4265093383712556
RFE,0.2,RF-Imputer_SV-Classifier,RF-Imputer_RF-Classifier,0.17102128573312403
RFE,0.2,RF-Imputer_SV-Classifier,RF-Imputer_XGB-Classifier,0.34568286011629623
RFE,0.2,RF-Imputer_RF-Classifier,RF-Imputer_XGB-Classifier,0.41672782416352105
RFE,0.3,KNN-Imputer_SV-Classifier,KNN-Imputer_RF-Classifier,0.04149018831815615
RFE,0.3,KNN-Imputer_SV-Classifier,KNN-Imputer_XGB-Classifier,0.047478176489551424
RFE,0.3,KNN-Imputer_SV-Classifier,Mean-Imputer_SV-Classifier,0.02527461399942762
RFE,0.3,KNN-Imputer_SV-Classifier,Mean-Imputer_RF-Classifier,0.9039965453867136
RFE,0.3,KNN-Imputer_SV-Classifier,Mean-Imputer_XGB-Classifier,0.21592785667359662
RFE,0.3,KNN-Imputer_SV-Classifier,RF-Imputer_SV-Classifier,0.813321117777871
RFE,0.3,KNN-Imputer_SV-Classifier,RF-Imputer_RF-Classifier,0.0539866576141618
RFE,0.3,KNN-Imputer_SV-Classifier,RF-Imputer_XGB-Classifier,0.0038439932859523893
RFE,0.3,KNN-Imputer_RF-Classifier,KNN-Imputer_XGB-Classifier,0.281172608376134
RFE,0.3,KNN-Imputer_RF-Classifier,Mean-Imputer_SV-Classifier,0.002941147048177435
RFE,0.3,KNN-Imputer_RF-Classifier,Mean-Imputer_RF-Classifier,0.02566139309947085
RFE,0.3,KNN-Imputer_RF-Classifier,Mean-Imputer_XGB-Classifier,0.5191043392116643
RFE,0.3,KNN-Imputer_RF-Classifier,RF-Imputer_SV-Classifier,0.01948286092152937
RFE,0.3,KNN-Imputer_RF-Classifier,RF-Imputer_RF-Classifier,0.4697168986007072
RFE,0.3,KNN-Imputer_RF-Classifier,RF-Imputer_XGB-Classifier,0.07980955045183022
RFE,0.3,KNN-Imputer_XGB-Classifier,Mean-Imputer_SV-Classifier,0.011499526689577445
RFE,0.3,KNN-Imputer_XGB-Classifier,Mean-Imputer_RF-Classifier,0.018563184680135018
RFE,0.3,KNN-Imputer_XGB-Classifier,Mean-Imputer_XGB-Classifier,0.19787815069938094
RFE,0.3,KNN-Imputer_XGB-Classifier,RF-Imputer_SV-Classifier,0.042685405347266184
RFE,0.3,KNN-Imputer_XGB-Classifier,RF-Imputer_RF-Classifier,0.6096897891222657
RFE,0.3,KNN-Imputer_XGB-Classifier,RF-Imputer_XGB-Classifier,0.5863848331298596
RFE,0.3,Mean-Imputer_SV-Classifier,Mean-Imputer_RF-Classifier,0.2673225679646921
RFE,0.3,Mean-Imputer_SV-Classifier,Mean-Imputer_XGB-Classifier,0.021664675563238665
RFE,0.3,Mean-Imputer_SV-Classifier,RF-Imputer_SV-Classifier,0.056036121982657526
RFE,0.3,Mean-Imputer_SV-Classifier,RF-Imputer_RF-Classifier,0.010580049121375364
RFE,0.3,Mean-Imputer_SV-Classifier,RF-Imputer_XGB-Classifier,0.0003063229524523535
RFE,0.3,Mean-Imputer_RF-Classifier,Mean-Imputer_XGB-Classifier,0.23328813351050104
RFE,0.3,Mean-Imputer_RF-Classifier,RF-Imputer_SV-Classifier,0.8287284925945799
RFE,0.3,Mean-Imputer_RF-Classifier,RF-Imputer_RF-Classifier,0.016749298580612353
RFE,0.3,Mean-Imputer_RF-Classifier,RF-Imputer_XGB-Classifier,0.002248261783377352
RFE,0.3,Mean-Imputer_XGB-Classifier,RF-Imputer_SV-Classifier,0.1685746223678636
RFE,0.3,Mean-Imputer_XGB-Classifier,RF-Imputer_RF-Classifier,0.2769128839143026
RFE,0.3,Mean-Imputer_XGB-Classifier,RF-Imputer_XGB-Classifier,0.01858959110371528
RFE,0.3,RF-Imputer_SV-Classifier,RF-Imputer_RF-Classifier,0.03402242794578488
RFE,0.3,RF-Imputer_SV-Classifier,RF-Imputer_XGB-Classifier,0.0035768100486893964
RFE,0.3,RF-Imputer_RF-Classifier,RF-Imputer_XGB-Classifier,0.28812610232064567
RFE,0.4,KNN-Imputer_SV-Classifier,KNN-Imputer_RF-Classifier,0.08118261653957815
RFE,0.4,KNN-Imputer_SV-Classifier,KNN-Imputer_XGB-Classifier,0.034891919520774306
RFE,0.4,KNN-Imputer_SV-Classifier,Mean-Imputer_SV-Classifier,0.11640397054436297
RFE,0.4,KNN-Imputer_SV-Classifier,Mean-Imputer_RF-Classifier,0.00435383499069858
RFE,0.4,KNN-Imputer_SV-Classifier,Mean-Imputer_XGB-Classifier,0.02019776870420812
RFE,0.4,KNN-Imputer_SV-Classifier,RF-Imputer_SV-Classifier,0.3332429626723066
RFE,0.4,KNN-Imputer_SV-Classifier,RF-Imputer_RF-Classifier,0.5856520187054682
RFE,0.4,KNN-Imputer_SV-Classifier,RF-Imputer_XGB-Classifier,0.002554386196646821
RFE,0.4,KNN-Imputer_RF-Classifier,KNN-Imputer_XGB-Classifier,0.46507478005363023
RFE,0.4,KNN-Imputer_RF-Classifier,Mean-Imputer_SV-Classifier,0.025152635594210184
RFE,0.4,KNN-Imputer_RF-Classifier,Mean-Imputer_RF-Classifier,0.029320396605491638
RFE,0.4,KNN-Imputer_RF-Classifier,Mean-Imputer_XGB-Classifier,0.4109867509156394
RFE,0.4,KNN-Imputer_RF-Classifier,RF-Imputer_SV-Classifier,0.030951752874046452
RFE,0.4,KNN-Imputer_RF-Classifier,RF-Imputer_RF-Classifier,0.1590437523193536
RFE,0.4,KNN-Imputer_RF-Classifier,RF-Imputer_XGB-Classifier,0.04212922976072787
RFE,0.4,KNN-Imputer_XGB-Classifier,Mean-Imputer_SV-Classifier,0.005948287477695452
RFE,0.4,KNN-Imputer_XGB-Classifier,Mean-Imputer_RF-Classifier,0.5509910875816578
RFE,0.4,KNN-Imputer_XGB-Classifier,Mean-Imputer_XGB-Classifier,0.9032895171747769
RFE,0.4,KNN-Imputer_XGB-Classifier,RF-Imputer_SV-Classifier,0.012525321906594049
RFE,0.4,KNN-Imputer_XGB-Classifier,RF-Imputer_RF-Classifier,0.0717709692186631
RFE,0.4,KNN-Imputer_XGB-Classifier,RF-Imputer_XGB-Classifier,0.32054646441608303
RFE,0.4,Mean-Imputer_SV-Classifier,Mean-Imputer_RF-Classifier,0.0007209428646784244
RFE,0.4,Mean-Imputer_SV-Classifier,Mean-Imputer_XGB-Classifier,0.003248423439670436
RFE,0.4,Mean-Imputer_SV-Classifier,RF-Imputer_SV-Classifier,0.8349800952363436
RFE,0.4,Mean-Imputer_SV-Classifier,RF-Imputer_RF-Classifier,0.18812256475426878
RFE,0.4,Mean-Imputer_SV-Classifier,RF-Imputer_XGB-Classifier,0.0003516508786188874
RFE,0.4,Mean-Imputer_RF-Classifier,Mean-Imputer_XGB-Classifier,0.5178462107510925
RFE,0.4,Mean-Imputer_RF-Classifier,RF-Imputer_SV-Classifier,0.0016314350892543078
RFE,0.4,Mean-Imputer_RF-Classifier,RF-Imputer_RF-Classifier,0.005003612069551454
RFE,0.4,Mean-Imputer_RF-Classifier,RF-Imputer_XGB-Classifier,0.46211206662206017
RFE,0.4,Mean-Imputer_XGB-Classifier,RF-Imputer_SV-Classifier,0.011104394862134062
RFE,0.4,Mean-Imputer_XGB-Classifier,RF-Imputer_RF-Classifier,0.05670851637283254
RFE,0.4,Mean-Imputer_XGB-Classifier,RF-Imputer_XGB-Classifier,0.19828272135438435
RFE,0.4,RF-Imputer_SV-Classifier,RF-Imputer_RF-Classifier,0.18412531765010912
RFE,0.4,RF-Imputer_SV-Classifier,RF-Imputer_XGB-Classifier,0.0008168952579026191
RFE,0.4,RF-Imputer_RF-Classifier,RF-Imputer_XGB-Classifier,0.0011274826796437802
RFE,0.5,KNN-Imputer_SV-Classifier,KNN-Imputer_RF-Classifier,0.053128640429762355
RFE,0.5,KNN-Imputer_SV-Classifier,KNN-Imputer_XGB-Classifier,0.0024912830848180688
RFE,0.5,KNN-Imputer_SV-Classifier,Mean-Imputer_SV-Classifier,0.5258342391114111
RFE,0.5,KNN-Imputer_SV-Classifier,Mean-Imputer_RF-Classifier,0.013632790171777341
RFE,0.5,KNN-Imputer_SV-Classifier,Mean-Imputer_XGB-Classifier,0.0020890538863913995
RFE,0.5,KNN-Imputer_SV-Classifier,RF-Imputer_SV-Classifier,0.993226335309199
RFE,0.5,KNN-Imputer_SV-Classifier,RF-Imputer_RF-Classifier,0.06427497132650369
RFE,0.5,KNN-Imputer_SV-Classifier,RF-Imputer_XGB-Classifier,0.01215810036726205
RFE,0.5,KNN-Imputer_RF-Classifier,KNN-Imputer_XGB-Classifier,0.43731397871950106
RFE,0.5,KNN-Imputer_RF-Classifier,Mean-Imputer_SV-Classifier,0.033088953504249605
RFE,0.5,KNN-Imputer_RF-Classifier,Mean-Imputer_RF-Classifier,0.5958995906275721
RFE,0.5,KNN-Imputer_RF-Classifier,Mean-Imputer_XGB-Classifier,0.2555337615302447
RFE,0.5,KNN-Imputer_RF-Classifier,RF-Imputer_SV-Classifier,0.0626871683749527
RFE,0.5,KNN-Imputer_RF-Classifier,RF-Imputer_RF-Classifier,0.7343889216662884
RFE,0.5,KNN-Imputer_RF-Classifier,RF-Imputer_XGB-Classifier,0.8268167456662313
RFE,0.5,KNN-Imputer_XGB-Classifier,Mean-Imputer_SV-Classifier,0.003177738483961487
RFE,0.5,KNN-Imputer_XGB-Classifier,Mean-Imputer_RF-Classifier,0.7534805707302581
RFE,0.5,KNN-Imputer_XGB-Classifier,Mean-Imputer_XGB-Classifier,0.43031777199319676
RFE,0.5,KNN-Imputer_XGB-Classifier,RF-Imputer_SV-Classifier,0.003676411493657149
RFE,0.5,KNN-Imputer_XGB-Classifier,RF-Imputer_RF-Classifier,0.3707453772064233
RFE,0.5,KNN-Imputer_XGB-Classifier,RF-Imputer_XGB-Classifier,0.6475983735117063
RFE,0.5,Mean-Imputer_SV-Classifier,Mean-Imputer_RF-Classifier,0.0056281644785869025
RFE,0.5,Mean-Imputer_SV-Classifier,Mean-Imputer_XGB-Classifier,0.0010162756094235861
RFE,0.5,Mean-Imputer_SV-Classifier,RF-Imputer_SV-Classifier,0.574717091863983
RFE,0.5,Mean-Imputer_SV-Classifier,RF-Imputer_RF-Classifier,0.027913286179862072
RFE,0.5,Mean-Imputer_SV-Classifier,RF-Imputer_XGB-Classifier,0.004143631354000413
RFE,0.5,Mean-Imputer_RF-Classifier,Mean-Imputer_XGB-Classifier,0.29450940472453163
RFE,0.5,Mean-Imputer_RF-Classifier,RF-Imputer_SV-Classifier,0.01881313708751234
RFE,0.5,Mean-Imputer_RF-Classifier,RF-Imputer_RF-Classifier,0.40838170705819576
RFE,0.5,Mean-Imputer_RF-Classifier,RF-Imputer_XGB-Classifier,0.8699502404952312
RFE,0.5,Mean-Imputer_XGB-Classifier,RF-Imputer_SV-Classifier,0.0039762013067520495
RFE,0.5,Mean-Imputer_XGB-Classifier,RF-Imputer_RF-Classifier,0.19537984656591087
RFE,0.5,Mean-Imputer_XGB-Classifier,RF-Imputer_XGB-Classifier,0.3293113815372155
RFE,0.5,RF-Imputer_SV-Classifier,RF-Imputer_RF-Classifier,0.047980893883088974
RFE,0.5,RF-Imputer_SV-Classifier,RF-Imputer_XGB-Classifier,0.017359423205925602
RFE,0.5,RF-Imputer_RF-Classifier,RF-Imputer_XGB-Classifier,0.6144819255443918
genetic_algorithm,0.1,KNN-Imputer_SV-Classifier,KNN-Imputer_RF-Classifier,0.9948695613831486
genetic_algorithm,0.1,KNN-Imputer_SV-Classifier,KNN-Imputer_XGB-Classifier,0.08585419811360495
genetic_algorithm,0.1,KNN-Imputer_SV-Classifier,Mean-Imputer_SV-Classifier,0.6384978168134922
genetic_algorithm,0.1,KNN-Imputer_SV-Classifier,Mean-Imputer_RF-Classifier,0.5224417136293877
genetic_algorithm,0.1,KNN-Imputer_SV-Classifier,Mean-Imputer_XGB-Classifier,0.021243030140832748
genetic_algorithm,0.1,KNN-Imputer_SV-Classifier,RF-Imputer_SV-Classifier,0.6525996581687146
genetic_algorithm,0.1,KNN-Imputer_SV-Classifier,RF-Imputer_RF-Classifier,0.2711517694948701
genetic_algorithm,0.1,KNN-Imputer_SV-Classifier,RF-Imputer_XGB-Classifier,0.10303077365094564
genetic_algorithm,0.1,KNN-Imputer_RF-Classifier,KNN-Imputer_XGB-Classifier,0.05668878711239552
genetic_algorithm,0.1,KNN-Imputer_RF-Classifier,Mean-Imputer_SV-Classifier,0.6726507985632153
genetic_algorithm,0.1,KNN-Imputer_RF-Classifier,Mean-Imputer_RF-Classifier,0.41151110784456735
genetic_algorithm,0.1,KNN-Imputer_RF-Classifier,Mean-Imputer_XGB-Classifier,0.015851129121370402
genetic_algorithm,0.1,KNN-Imputer_RF-Classifier,RF-Imputer_SV-Classifier,0.7024217883065997
genetic_algorithm,0.1,KNN-Imputer_RF-Classifier,RF-Imputer_RF-Classifier,0.057253350535015554
genetic_algorithm,0.1,KNN-Imputer_RF-Classifier,RF-Imputer_XGB-Classifier,0.05595888095417804
genetic_algorithm,0.1,KNN-Imputer_XGB-Classifier,Mean-Imputer_SV-Classifier,0.06679440332180694
genetic_algorithm,0.1,KNN-Imputer_XGB-Classifier,Mean-Imputer_RF-Classifier,0.0030943030155212714
genetic_algorithm,0.1,KNN-Imputer_XGB-Classifier,Mean-Imputer_XGB-Classifier,0.5642756648372236
genetic_algorithm,0.1,KNN-Imputer_XGB-Classifier,RF-Imputer_SV-Classifier,0.044320382592495544
genetic_algorithm,0.1,KNN-Imputer_XGB-Classifier,RF-Imputer_RF-Classifier,0.2440590975177601
genetic_algorithm,0.1,KNN-Imputer_XGB-Classifier,RF-Imputer_XGB-Classifier,0.9044094893676573
genetic_algorithm,0.1,Mean-Imputer_SV-Classifier,Mean-Imputer_RF-Classifier,0.8833325355387788
genetic_algorithm,0.1,Mean-Imputer_SV-Classifier,Mean-Imputer_XGB-Classifier,0.009518907078021317
genetic_algorithm,0.1,Mean-Imputer_SV-Classifier,RF-Imputer_SV-Classifier,0.804985679002217
genetic_algorithm,0.1,Mean-Imputer_SV-Classifier,RF-Imputer_RF-Classifier,0.19226763822673745
genetic_algorithm,0.1,Mean-Imputer_SV-Classifier,RF-Imputer_XGB-Classifier,0.0847022374445103
genetic_algorithm,0.1,Mean-Imputer_RF-Classifier,Mean-Imputer_XGB-Classifier,0.001264790923717194
genetic_algorithm,0.1,Mean-Imputer_RF-Classifier,RF-Imputer_SV-Classifier,0.7292134112864583
genetic_algorithm,0.1,Mean-Imputer_RF-Classifier,RF-Imputer_RF-Classifier,0.0279777149282258
genetic_algorithm,0.1,Mean-Imputer_RF-Classifier,RF-Imputer_XGB-Classifier,0.005809835497291294
genetic_algorithm,0.1,Mean-Imputer_XGB-Classifier,RF-Imputer_SV-Classifier,0.0071946307975949515
genetic_algorithm,0.1,Mean-Imputer_XGB-Classifier,RF-Imputer_RF-Classifier,0.09719469308686915
genetic_algorithm,0.1,Mean-Imputer_XGB-Classifier,RF-Imputer_XGB-Classifier,0.5357211424144486
genetic_algorithm,0.1,RF-Imputer_SV-Classifier,RF-Imputer_RF-Classifier,0.12838557609040088
genetic_algorithm,0.1,RF-Imputer_SV-Classifier,RF-Imputer_XGB-Classifier,0.06358353216572715
genetic_algorithm,0.1,RF-Imputer_RF-Classifier,RF-Imputer_XGB-Classifier,0.2899770870488892
genetic_algorithm,0.2,KNN-Imputer_SV-Classifier,KNN-Imputer_RF-Classifier,0.004608771928344509
genetic_algorithm,0.2,KNN-Imputer_SV-Classifier,KNN-Imputer_XGB-Classifier,4.8252848317127815e-06
genetic_algorithm,0.2,KNN-Imputer_SV-Classifier,Mean-Imputer_SV-Classifier,0.11074879127805118
genetic_algorithm,0.2,KNN-Imputer_SV-Classifier,Mean-Imputer_RF-Classifier,0.010156897276558318
genetic_algorithm,0.2,KNN-Imputer_SV-Classifier,Mean-Imputer_XGB-Classifier,0.0034384249828815472
genetic_algorithm,0.2,KNN-Imputer_SV-Classifier,RF-Imputer_SV-Classifier,0.5996486374089613
genetic_algorithm,0.2,KNN-Imputer_SV-Classifier,RF-Imputer_RF-Classifier,0.007234895409528103
genetic_algorithm,0.2,KNN-Imputer_SV-Classifier,RF-Imputer_XGB-Classifier,0.03396284017551256
genetic_algorithm,0.2,KNN-Imputer_RF-Classifier,KNN-Imputer_XGB-Classifier,0.9832960674707153
genetic_algorithm,0.2,KNN-Imputer_RF-Classifier,Mean-Imputer_SV-Classifier,0.016109931591379245
genetic_algorithm,0.2,KNN-Imputer_RF-Classifier,Mean-Imputer_RF-Classifier,0.4672483831533313
genetic_algorithm,0.2,KNN-Imputer_RF-Classifier,Mean-Imputer_XGB-Classifier,0.8679325740548953
genetic_algorithm,0.2,KNN-Imputer_RF-Classifier,RF-Imputer_SV-Classifier,0.01139094181396311
genetic_algorithm,0.2,KNN-Imputer_RF-Classifier,RF-Imputer_RF-Classifier,0.9015276754347368
genetic_algorithm,0.2,KNN-Imputer_RF-Classifier,RF-Imputer_XGB-Classifier,0.35158037959952737
genetic_algorithm,0.2,KNN-Imputer_XGB-Classifier,Mean-Imputer_SV-Classifier,0.0006412159709106762
genetic_algorithm,0.2,KNN-Imputer_XGB-Classifier,Mean-Imputer_RF-Classifier,0.4360585370002287
genetic_algorithm,0.2,KNN-Imputer_XGB-Classifier,Mean-Imputer_XGB-Classifier,0.797402626376386
genetic_algorithm,0.2,KNN-Imputer_XGB-Classifier,RF-Imputer_SV-Classifier,0.0001670824931000385
genetic_algorithm,0.2,KNN-Imputer_XGB-Classifier,RF-Imputer_RF-Classifier,0.9323132025803504
genetic_algorithm,0.2,KNN-Imputer_XGB-Classifier,RF-Imputer_XGB-Classifier,0.31670643241600194
genetic_algorithm,0.2,Mean-Imputer_SV-Classifier,Mean-Imputer_RF-Classifier,0.022331291685584793
genetic_algorithm,0.2,Mean-Imputer_SV-Classifier,Mean-Imputer_XGB-Classifier,0.010564146039019576
genetic_algorithm,0.2,Mean-Imputer_SV-Classifier,RF-Imputer_SV-Classifier,0.2566896410443706
genetic_algorithm,0.2,Mean-Imputer_SV-Classifier,RF-Imputer_RF-Classifier,0.021040353799753022
genetic_algorithm,0.2,Mean-Imputer_SV-Classifier,RF-Imputer_XGB-Classifier,0.09987943623973475
genetic_algorithm,0.2,Mean-Imputer_RF-Classifier,Mean-Imputer_XGB-Classifier,0.21592584059177253
genetic_algorithm,0.2,Mean-Imputer_RF-Classifier,RF-Imputer_SV-Classifier,0.013316578916513541
genetic_algorithm,0.2,Mean-Imputer_RF-Classifier,RF-Imputer_RF-Classifier,0.4501897647043903
genetic_algorithm,0.2,Mean-Imputer_RF-Classifier,RF-Imputer_XGB-Classifier,0.7643326922250587
genetic_algorithm,0.2,Mean-Imputer_XGB-Classifier,RF-Imputer_SV-Classifier,0.007650994525435787
genetic_algorithm,0.2,Mean-Imputer_XGB-Classifier,RF-Imputer_RF-Classifier,0.7753358475838201
genetic_algorithm,0.2,Mean-Imputer_XGB-Classifier,RF-Imputer_XGB-Classifier,0.18904471792066838
genetic_algorithm,0.2,RF-Imputer_SV-Classifier,RF-Imputer_RF-Classifier,0.015563712723878603
genetic_algorithm,0.2,RF-Imputer_SV-Classifier,RF-Imputer_XGB-Classifier,0.044582307489138336
genetic_algorithm,0.2,RF-Imputer_RF-Classifier,RF-Imputer_XGB-Classifier,0.3740916256633052
genetic_algorithm,0.3,KNN-Imputer_SV-Classifier,KNN-Imputer_RF-Classifier,0.4246072203294966
genetic_algorithm,0.3,KNN-Imputer_SV-Classifier,KNN-Imputer_XGB-Classifier,0.03777169365201394
genetic_algorithm,0.3,KNN-Imputer_SV-Classifier,Mean-Imputer_SV-Classifier,0.6011111422250742
genetic_algorithm,0.3,KNN-Imputer_SV-Classifier,Mean-Imputer_RF-Classifier,0.811843677317661
genetic_algorithm,0.3,KNN-Imputer_SV-Classifier,Mean-Imputer_XGB-Classifier,0.10357843160045258
genetic_algorithm,0.3,KNN-Imputer_SV-Classifier,RF-Imputer_SV-Classifier,0.8808896673978285
genetic_algorithm,0.3,KNN-Imputer_SV-Classifier,RF-Imputer_RF-Classifier,0.8177570580940656
genetic_algorithm,0.3,KNN-Imputer_SV-Classifier,RF-Imputer_XGB-Classifier,0.2127661653183709
genetic_algorithm,0.3,KNN-Imputer_RF-Classifier,KNN-Imputer_XGB-Classifier,0.0909654136650227
genetic_algorithm,0.3,KNN-Imputer_RF-Classifier,Mean-Imputer_SV-Classifier,0.12253345570884999
genetic_algorithm,0.3,KNN-Imputer_RF-Classifier,Mean-Imputer_RF-Classifier,0.33483692988648406
genetic_algorithm,0.3,KNN-Imputer_RF-Classifier,Mean-Imputer_XGB-Classifier,0.4514731974986501
genetic_algorithm,0.3,KNN-Imputer_RF-Classifier,RF-Imputer_SV-Classifier,0.3486984989733407
genetic_algorithm,0.3,KNN-Imputer_RF-Classifier,RF-Imputer_RF-Classifier,0.5609435245134239
genetic_algorithm,0.3,KNN-Imputer_RF-Classifier,RF-Imputer_XGB-Classifier,0.7061026879342325
genetic_algorithm,0.3,KNN-Imputer_XGB-Classifier,Mean-Imputer_SV-Classifier,0.00411582043032588
genetic_algorithm,0.3,KNN-Imputer_XGB-Classifier,Mean-Imputer_RF-Classifier,0.04231008577448261
genetic_algorithm,0.3,KNN-Imputer_XGB-Classifier,Mean-Imputer_XGB-Classifier,0.4772997587204424
genetic_algorithm,0.3,KNN-Imputer_XGB-Classifier,RF-Imputer_SV-Classifier,0.030908342814405635
genetic_algorithm,0.3,KNN-Imputer_XGB-Classifier,RF-Imputer_RF-Classifier,0.08370225201638716
genetic_algorithm,0.3,KNN-Imputer_XGB-Classifier,RF-Imputer_XGB-Classifier,0.3022401569046724
genetic_algorithm,0.3,Mean-Imputer_SV-Classifier,Mean-Imputer_RF-Classifier,0.8878529254526585
genetic_algorithm,0.3,Mean-Imputer_SV-Classifier,Mean-Imputer_XGB-Classifier,0.05861478513861534
genetic_algorithm,0.3,Mean-Imputer_SV-Classifier,RF-Imputer_SV-Classifier,0.7234735402241124
genetic_algorithm,0.3,Mean-Imputer_SV-Classifier,RF-Imputer_RF-Classifier,0.5657793443437835
genetic_algorithm,0.3,Mean-Imputer_SV-Classifier,RF-Imputer_XGB-Classifier,0.15636983249324163
genetic_algorithm,0.3,Mean-Imputer_RF-Classifier,Mean-Imputer_XGB-Classifier,0.059537619879171694
genetic_algorithm,0.3,Mean-Imputer_RF-Classifier,RF-Imputer_SV-Classifier,0.9194792536544285
genetic_algorithm,0.3,Mean-Imputer_RF-Classifier,RF-Imputer_RF-Classifier,0.587106763490171
genetic_algorithm,0.3,Mean-Imputer_RF-Classifier,RF-Imputer_XGB-Classifier,0.16095426090376055
genetic_algorithm,0.3,Mean-Imputer_XGB-Classifier,RF-Imputer_SV-Classifier,0.08145637808707412
genetic_algorithm,0.3,Mean-Imputer_XGB-Classifier,RF-Imputer_RF-Classifier,0.18968266532746694
genetic_algorithm,0.3,Mean-Imputer_XGB-Classifier,RF-Imputer_XGB-Classifier,0.693728826574846
genetic_algorithm,0.3,RF-Imputer_SV-Classifier,RF-Imputer_RF-Classifier,0.6464151151246472
genetic_algorithm,0.3,RF-Imputer_SV-Classifier,RF-Imputer_XGB-Classifier,0.1922953529605128
genetic_algorithm,0.3,RF-Imputer_RF-Classifier,RF-Imputer_XGB-Classifier,0.27576046828194106
genetic_algorithm,0.4,KNN-Imputer_SV-Classifier,KNN-Imputer_RF-Classifier,0.4187152019774052
genetic_algorithm,0.4,KNN-Imputer_SV-Classifier,KNN-Imputer_XGB-Classifier,0.12861887591165935
genetic_algorithm,0.4,KNN-Imputer_SV-Classifier,Mean-Imputer_SV-Classifier,0.01172761311416709
genetic_algorithm,0.4,KNN-Imputer_SV-Classifier,Mean-Imputer_RF-Classifier,0.39464651712808196
genetic_algorithm,0.4,KNN-Imputer_SV-Classifier,Mean-Imputer_XGB-Classifier,0.3007864016059985
genetic_algorithm,0.4,KNN-Imputer_SV-Classifier,RF-Imputer_SV-Classifier,0.04969157409147761
genetic_algorithm,0.4,KNN-Imputer_SV-Classifier,RF-Imputer_RF-Classifier,0.6389574232832946
genetic_algorithm,0.4,KNN-Imputer_SV-Classifier,RF-Imputer_XGB-Classifier,0.039680340979133005
genetic_algorithm,0.4,KNN-Imputer_RF-Classifier,KNN-Imputer_XGB-Classifier,0.16359600647563585
genetic_algorithm,0.4,KNN-Imputer_RF-Classifier,Mean-Imputer_SV-Classifier,0.04109288377906444
genetic_algorithm,0.4,KNN-Imputer_RF-Classifier,Mean-Imputer_RF-Classifier,0.8769298478012219
genetic_algorithm,0.4,KNN-Imputer_RF-Classifier,Mean-Imputer_XGB-Classifier,0.5062496595025572
genetic_algorithm,0.4,KNN-Imputer_RF-Classifier,RF-Imputer_SV-Classifier,0.014291997511369762
genetic_algorithm,0.4,KNN-Imputer_RF-Classifier,RF-Imputer_RF-Classifier,0.6402552835465071
genetic_algorithm,0.4,KNN-Imputer_RF-Classifier,RF-Imputer_XGB-Classifier,0.04526621775267119
genetic_algorithm,0.4,KNN-Imputer_XGB-Classifier,Mean-Imputer_SV-Classifier,0.008478267140284101
genetic_algorithm,0.4,KNN-Imputer_XGB-Classifier,Mean-Imputer_RF-Classifier,0.26803183868008545
genetic_algorithm,0.4,KNN-Imputer_XGB-Classifier,Mean-Imputer_XGB-Classifier,0.5226543869197604
genetic_algorithm,0.4,KNN-Imputer_XGB-Classifier,RF-Imputer_SV-Classifier,0.0018226454919364132
genetic_algorithm,0.4,KNN-Imputer_XGB-Classifier,RF-Imputer_RF-Classifier,0.15605683592446085
genetic_algorithm,0.4,KNN-Imputer_XGB-Classifier,RF-Imputer_XGB-Classifier,0.3517050555513471
genetic_algorithm,0.4,Mean-Imputer_SV-Classifier,Mean-Imputer_RF-Classifier,0.02516337634583194
genetic_algorithm,0.4,Mean-Imputer_SV-Classifier,Mean-Imputer_XGB-Classifier,0.028136562641045366
genetic_algorithm,0.4,Mean-Imputer_SV-Classifier,RF-Imputer_SV-Classifier,0.6266343186168322
genetic_algorithm,0.4,Mean-Imputer_SV-Classifier,RF-Imputer_RF-Classifier,0.13760671051069875
genetic_algorithm,0.4,Mean-Imputer_SV-Classifier,RF-Imputer_XGB-Classifier,0.0016999049888912045
genetic_algorithm,0.4,Mean-Imputer_RF-Classifier,Mean-Imputer_XGB-Classifier,0.6790546046796033
genetic_algorithm,0.4,Mean-Imputer_RF-Classifier,RF-Imputer_SV-Classifier,0.005826111004346457
genetic_algorithm,0.4,Mean-Imputer_RF-Classifier,RF-Imputer_RF-Classifier,0.6284849904461789
genetic_algorithm,0.4,Mean-Imputer_RF-Classifier,RF-Imputer_XGB-Classifier,0.022323071548110685
genetic_algorithm,0.4,Mean-Imputer_XGB-Classifier,RF-Imputer_SV-Classifier,0.017731597754200003
genetic_algorithm,0.4,Mean-Imputer_XGB-Classifier,RF-Imputer_RF-Classifier,0.3425732908024629
genetic_algorithm,0.4,Mean-Imputer_XGB-Classifier,RF-Imputer_XGB-Classifier,0.22784326118571294
genetic_algorithm,0.4,RF-Imputer_SV-Classifier,RF-Imputer_RF-Classifier,0.03964495269882573
genetic_algorithm,0.4,RF-Imputer_SV-Classifier,RF-Imputer_XGB-Classifier,0.00028810245517054653
genetic_algorithm,0.4,RF-Imputer_RF-Classifier,RF-Imputer_XGB-Classifier,0.019429167084222505
genetic_algorithm,0.5,KNN-Imputer_SV-Classifier,KNN-Imputer_RF-Classifier,0.028048915706336285
genetic_algorithm,0.5,KNN-Imputer_SV-Classifier,KNN-Imputer_XGB-Classifier,0.02507850305323107
genetic_algorithm,0.5,KNN-Imputer_SV-Classifier,Mean-Imputer_SV-Classifier,0.5525878634436765
genetic_algorithm,0.5,KNN-Imputer_SV-Classifier,Mean-Imputer_RF-Classifier,0.018299272006730035
genetic_algorithm,0.5,KNN-Imputer_SV-Classifier,Mean-Imputer_XGB-Classifier,0.028151848980480038
genetic_algorithm,0.5,KNN-Imputer_SV-Classifier,RF-Imputer_SV-Classifier,0.8135978179715491
genetic_algorithm,0.5,KNN-Imputer_SV-Classifier,RF-Imputer_RF-Classifier,0.0036365823857023856
genetic_algorithm,0.5,KNN-Imputer_SV-Classifier,RF-Imputer_XGB-Classifier,0.03719473938466744
genetic_algorithm,0.5,KNN-Imputer_RF-Classifier,KNN-Imputer_XGB-Classifier,0.6329480118887219
genetic_algorithm,0.5,KNN-Imputer_RF-Classifier,Mean-Imputer_SV-Classifier,0.014129656272841361
genetic_algorithm,0.5,KNN-Imputer_RF-Classifier,Mean-Imputer_RF-Classifier,0.3527624654466436
genetic_algorithm,0.5,KNN-Imputer_RF-Classifier,Mean-Imputer_XGB-Classifier,0.9811570179984733
genetic_algorithm,0.5,KNN-Imputer_RF-Classifier,RF-Imputer_SV-Classifier,0.03449097072805739
genetic_algorithm,0.5,KNN-Imputer_RF-Classifier,RF-Imputer_RF-Classifier,0.3593115131250121
genetic_algorithm,0.5,KNN-Imputer_RF-Classifier,RF-Imputer_XGB-Classifier,0.9845046992262849
genetic_algorithm,0.5,KNN-Imputer_XGB-Classifier,Mean-Imputer_SV-Classifier,0.0060781238231720274
genetic_algorithm,0.5,KNN-Imputer_XGB-Classifier,Mean-Imputer_RF-Classifier,0.7195859532799305
genetic_algorithm,0.5,KNN-Imputer_XGB-Classifier,Mean-Imputer_XGB-Classifier,0.5450145324847232
genetic_algorithm,0.5,KNN-Imputer_XGB-Classifier,RF-Imputer_SV-Classifier,0.0254882450567275
genetic_algorithm,0.5,KNN-Imputer_XGB-Classifier,RF-Imputer_RF-Classifier,0.8178479430075014
genetic_algorithm,0.5,KNN-Imputer_XGB-Classifier,RF-Imputer_XGB-Classifier,0.5859773334267405
genetic_algorithm,0.5,Mean-Imputer_SV-Classifier,Mean-Imputer_RF-Classifier,0.0027902720710188448
genetic_algorithm,0.5,Mean-Imputer_SV-Classifier,Mean-Imputer_XGB-Classifier,0.0037385667710259167
genetic_algorithm,0.5,Mean-Imputer_SV-Classifier,RF-Imputer_SV-Classifier,0.6635112405360998
genetic_algorithm,0.5,Mean-Imputer_SV-Classifier,RF-Imputer_RF-Classifier,0.0018947435855751064
genetic_algorithm,0.5,Mean-Imputer_SV-Classifier,RF-Imputer_XGB-Classifier,0.02145304889109268
genetic_algorithm,0.5,Mean-Imputer_RF-Classifier,Mean-Imputer_XGB-Classifier,0.272734970025416
genetic_algorithm,0.5,Mean-Imputer_RF-Classifier,RF-Imputer_SV-Classifier,0.015182559291471831
genetic_algorithm,0.5,Mean-Imputer_RF-Classifier,RF-Imputer_RF-Classifier,0.8636011960164584
genetic_algorithm,0.5,Mean-Imputer_RF-Classifier,RF-Imputer_XGB-Classifier,0.41268352587045287
genetic_algorithm,0.5,Mean-Imputer_XGB-Classifier,RF-Imputer_SV-Classifier,0.026206842233138676
genetic_algorithm,0.5,Mean-Imputer_XGB-Classifier,RF-Imputer_RF-Classifier,0.3562374400095195
genetic_algorithm,0.5,Mean-Imputer_XGB-Classifier,RF-Imputer_XGB-Classifier,0.9991070828082498
genetic_algorithm,0.5,RF-Imputer_SV-Classifier,RF-Imputer_RF-Classifier,0.004393500281356662
genetic_algorithm,0.5,RF-Imputer_SV-Classifier,RF-Imputer_XGB-Classifier,0.03252797663981647
genetic_algorithm,0.5,RF-Imputer_RF-Classifier,RF-Imputer_XGB-Classifier,0.35892698500105813
correlation_coefficient,0.1,KNN-Imputer_SV-Classifier,KNN-Imputer_RF-Classifier,0.7264431320763356
correlation_coefficient,0.1,KNN-Imputer_SV-Classifier,KNN-Imputer_XGB-Classifier,0.2847694540085545
correlation_coefficient,0.1,KNN-Imputer_SV-Classifier,Mean-Imputer_SV-Classifier,0.40893449845867524
correlation_coefficient,0.1,KNN-Imputer_SV-Classifier,Mean-Imputer_RF-Classifier,0.7002922111332737
correlation_coefficient,0.1,KNN-Imputer_SV-Classifier,Mean-Imputer_XGB-Classifier,0.023578578591654464
correlation_coefficient,0.1,KNN-Imputer_SV-Classifier,RF-Imputer_SV-Classifier,0.44292177227973495
correlation_coefficient,0.1,KNN-Imputer_SV-Classifier,RF-Imputer_RF-Classifier,0.9809942955533417
correlation_coefficient,0.1,KNN-Imputer_SV-Classifier,RF-Imputer_XGB-Classifier,0.10217114918943355
correlation_coefficient,0.1,KNN-Imputer_RF-Classifier,KNN-Imputer_XGB-Classifier,0.13206612481061356
correlation_coefficient,0.1,KNN-Imputer_RF-Classifier,Mean-Imputer_SV-Classifier,0.8365970961416169
correlation_coefficient,0.1,KNN-Imputer_RF-Classifier,Mean-Imputer_RF-Classifier,0.5071984807755119
correlation_coefficient,0.1,KNN-Imputer_RF-Classifier,Mean-Imputer_XGB-Classifier,0.009318367405020072
correlation_coefficient,0.1,KNN-Imputer_RF-Classifier,RF-Imputer_SV-Classifier,0.40012040471553456
correlation_coefficient,0.1,KNN-Imputer_RF-Classifier,RF-Imputer_RF-Classifier,0.6768668044331825
correlation_coefficient,0.1,KNN-Imputer_RF-Classifier,RF-Imputer_XGB-Classifier,0.07963651410596394
correlation_coefficient,0.1,KNN-Imputer_XGB-Classifier,Mean-Imputer_SV-Classifier,0.20045069106559338
correlation_coefficient,0.1,KNN-Imputer_XGB-Classifier,Mean-Imputer_RF-Classifier,0.33752692407103524
correlation_coefficient,0.1,KNN-Imputer_XGB-Classifier,Mean-Imputer_XGB-Classifier,0.15838595859698212
correlation_coefficient,0.1,KNN-Imputer_XGB-Classifier,RF-Imputer_SV-Classifier,0.6370235360820331
correlation_coefficient,0.1,KNN-Imputer_XGB-Classifier,RF-Imputer_RF-Classifier,0.17915552355404687
correlation_coefficient,0.1,KNN-Imputer_XGB-Classifier,RF-Imputer_XGB-Classifier,0.5352997449579682
correlation_coefficient,0.1,Mean-Imputer_SV-Classifier,Mean-Imputer_RF-Classifier,0.42601182389271186
correlation_coefficient,0.1,Mean-Imputer_SV-Classifier,Mean-Imputer_XGB-Classifier,0.009104344676306737
correlation_coefficient,0.1,Mean-Imputer_SV-Classifier,RF-Imputer_SV-Classifier,0.02860295841396875
correlation_coefficient,0.1,Mean-Imputer_SV-Classifier,RF-Imputer_RF-Classifier,0.5674115192901434
correlation_coefficient,0.1,Mean-Imputer_SV-Classifier,RF-Imputer_XGB-Classifier,0.04312535433126892
correlation_coefficient,0.1,Mean-Imputer_RF-Classifier,Mean-Imputer_XGB-Classifier,0.052459215430580644
correlation_coefficient,0.1,Mean-Imputer_RF-Classifier,RF-Imputer_SV-Classifier,0.8827122187802086
correlation_coefficient,0.1,Mean-Imputer_RF-Classifier,RF-Imputer_RF-Classifier,0.6979636889688922
correlation_coefficient,0.1,Mean-Imputer_RF-Classifier,RF-Imputer_XGB-Classifier,0.20991678304160155
correlation_coefficient,0.1,Mean-Imputer_XGB-Classifier,RF-Imputer_SV-Classifier,0.0895526468808961
correlation_coefficient,0.1,Mean-Imputer_XGB-Classifier,RF-Imputer_RF-Classifier,0.01565852780854758
correlation_coefficient,0.1,Mean-Imputer_XGB-Classifier,RF-Imputer_XGB-Classifier,0.5778948007423117
correlation_coefficient,0.1,RF-Imputer_SV-Classifier,RF-Imputer_RF-Classifier,0.551650889852978
correlation_coefficient,0.1,RF-Imputer_SV-Classifier,RF-Imputer_XGB-Classifier,0.2712807837957982
correlation_coefficient,0.1,RF-Imputer_RF-Classifier,RF-Imputer_XGB-Classifier,0.08293143641562394
correlation_coefficient,0.2,KNN-Imputer_SV-Classifier,KNN-Imputer_RF-Classifier,0.03191426700781319
correlation_coefficient,0.2,KNN-Imputer_SV-Classifier,KNN-Imputer_XGB-Classifier,0.004231809856186686
correlation_coefficient,0.2,KNN-Imputer_SV-Classifier,Mean-Imputer_SV-Classifier,0.6383106125840047
correlation_coefficient,0.2,KNN-Imputer_SV-Classifier,Mean-Imputer_RF-Classifier,0.26694398282461135
correlation_coefficient,0.2,KNN-Imputer_SV-Classifier,Mean-Imputer_XGB-Classifier,0.04575380842669391
correlation_coefficient,0.2,KNN-Imputer_SV-Classifier,RF-Imputer_SV-Classifier,0.7456570832939522
correlation_coefficient,0.2,KNN-Imputer_SV-Classifier,RF-Imputer_RF-Classifier,0.33698662846716976
correlation_coefficient,0.2,KNN-Imputer_SV-Classifier,RF-Imputer_XGB-Classifier,0.14082150618012632
correlation_coefficient,0.2,KNN-Imputer_RF-Classifier,KNN-Imputer_XGB-Classifier,0.07197687541461237
correlation_coefficient,0.2,KNN-Imputer_RF-Classifier,Mean-Imputer_SV-Classifier,0.07392015370514483
correlation_coefficient,0.2,KNN-Imputer_RF-Classifier,Mean-Imputer_RF-Classifier,0.5255009605970423
correlation_coefficient,0.2,KNN-Imputer_RF-Classifier,Mean-Imputer_XGB-Classifier,0.6974715934897795
correlation_coefficient,0.2,KNN-Imputer_RF-Classifier,RF-Imputer_SV-Classifier,0.09359483240898189
correlation_coefficient,0.2,KNN-Imputer_RF-Classifier,RF-Imputer_RF-Classifier,0.3572358707043648
correlation_coefficient,0.2,KNN-Imputer_RF-Classifier,RF-Imputer_XGB-Classifier,0.996526463261143
correlation_coefficient,0.2,KNN-Imputer_XGB-Classifier,Mean-Imputer_SV-Classifier,0.007546557916759655
correlation_coefficient,0.2,KNN-Imputer_XGB-Classifier,Mean-Imputer_RF-Classifier,0.03028777809005988
correlation_coefficient,0.2,KNN-Imputer_XGB-Classifier,Mean-Imputer_XGB-Classifier,0.1561609939036167
correlation_coefficient,0.2,KNN-Imputer_XGB-Classifier,RF-Imputer_SV-Classifier,0.005257876988331812
correlation_coefficient,0.2,KNN-Imputer_XGB-Classifier,RF-Imputer_RF-Classifier,0.02926174384162848
correlation_coefficient,0.2,KNN-Imputer_XGB-Classifier,RF-Imputer_XGB-Classifier,0.10004539450800633
correlation_coefficient,0.2,Mean-Imputer_SV-Classifier,Mean-Imputer_RF-Classifier,0.27487152911847407
correlation_coefficient,0.2,Mean-Imputer_SV-Classifier,Mean-Imputer_XGB-Classifier,0.05907798271264111
correlation_coefficient,0.2,Mean-Imputer_SV-Classifier,RF-Imputer_SV-Classifier,0.9899548441756807
correlation_coefficient,0.2,Mean-Imputer_SV-Classifier,RF-Imputer_RF-Classifier,0.30549957320829607
correlation_coefficient,0.2,Mean-Imputer_SV-Classifier,RF-Imputer_XGB-Classifier,0.15368702022762498
correlation_coefficient,0.2,Mean-Imputer_RF-Classifier,Mean-Imputer_XGB-Classifier,0.29528020334163224
correlation_coefficient,0.2,Mean-Imputer_RF-Classifier,RF-Imputer_SV-Classifier,0.3385538590242999
correlation_coefficient,0.2,Mean-Imputer_RF-Classifier,RF-Imputer_RF-Classifier,0.8994556762764103
correlation_coefficient,0.2,Mean-Imputer_RF-Classifier,RF-Imputer_XGB-Classifier,0.5784917630596155
correlation_coefficient,0.2,Mean-Imputer_XGB-Classifier,RF-Imputer_SV-Classifier,0.028656987781199714
correlation_coefficient,0.2,Mean-Imputer_XGB-Classifier,RF-Imputer_RF-Classifier,0.16054753941852704
correlation_coefficient,0.2,Mean-Imputer_XGB-Classifier,RF-Imputer_XGB-Classifier,0.6842798691070886
correlation_coefficient,0.2,RF-Imputer_SV-Classifier,RF-Imputer_RF-Classifier,0.2063225338871575
correlation_coefficient,0.2,RF-Imputer_SV-Classifier,RF-Imputer_XGB-Classifier,0.17367072563554534
correlation_coefficient,0.2,RF-Imputer_RF-Classifier,RF-Imputer_XGB-Classifier,0.49047218380420443
correlation_coefficient,0.3,KNN-Imputer_SV-Classifier,KNN-Imputer_RF-Classifier,0.21330508785263183
correlation_coefficient,0.3,KNN-Imputer_SV-Classifier,KNN-Imputer_XGB-Classifier,0.011748960391630916
correlation_coefficient,0.3,KNN-Imputer_SV-Classifier,Mean-Imputer_SV-Classifier,0.3040747803214794
correlation_coefficient,0.3,KNN-Imputer_SV-Classifier,Mean-Imputer_RF-Classifier,0.4740982651431359
correlation_coefficient,0.3,KNN-Imputer_SV-Classifier,Mean-Imputer_XGB-Classifier,0.04868251908516989
correlation_coefficient,0.3,KNN-Imputer_SV-Classifier,RF-Imputer_SV-Classifier,0.473394744605813
correlation_coefficient,0.3,KNN-Imputer_SV-Classifier,RF-Imputer_RF-Classifier,0.2329216765566159
correlation_coefficient,0.3,KNN-Imputer_SV-Classifier,RF-Imputer_XGB-Classifier,0.00686238538812114
correlation_coefficient,0.3,KNN-Imputer_RF-Classifier,KNN-Imputer_XGB-Classifier,0.19895750550541202
correlation_coefficient,0.3,KNN-Imputer_RF-Classifier,Mean-Imputer_SV-Classifier,0.3661556031317007
correlation_coefficient,0.3,KNN-Imputer_RF-Classifier,Mean-Imputer_RF-Classifier,0.48607344954771414
correlation_coefficient,0.3,KNN-Imputer_RF-Classifier,Mean-Imputer_XGB-Classifier,0.24772328208927494
correlation_coefficient,0.3,KNN-Imputer_RF-Classifier,RF-Imputer_SV-Classifier,0.43432008256441657
correlation_coefficient,0.3,KNN-Imputer_RF-Classifier,RF-Imputer_RF-Classifier,0.8106727041087654
correlation_coefficient,0.3,KNN-Imputer_RF-Classifier,RF-Imputer_XGB-Classifier,0.021813738790605705
correlation_coefficient,0.3,KNN-Imputer_XGB-Classifier,Mean-Imputer_SV-Classifier,0.05093001306108025
correlation_coefficient,0.3,KNN-Imputer_XGB-Classifier,Mean-Imputer_RF-Classifier,0.11631885057842781
correlation_coefficient,0.3,KNN-Imputer_XGB-Classifier,Mean-Imputer_XGB-Classifier,0.9734465717858543
correlation_coefficient,0.3,KNN-Imputer_XGB-Classifier,RF-Imputer_SV-Classifier,0.0736004636603594
correlation_coefficient,0.3,KNN-Imputer_XGB-Classifier,RF-Imputer_RF-Classifier,0.39559254094950846
correlation_coefficient,0.3,KNN-Imputer_XGB-Classifier,RF-Imputer_XGB-Classifier,0.3898270944477762
correlation_coefficient,0.3,Mean-Imputer_SV-Classifier,Mean-Imputer_RF-Classifier,0.7823232248430481
correlation_coefficient,0.3,Mean-Imputer_SV-Classifier,Mean-Imputer_XGB-Classifier,0.040971289126571546
correlation_coefficient,0.3,Mean-Imputer_SV-Classifier,RF-Imputer_SV-Classifier,0.9912856290489482
correlation_coefficient,0.3,Mean-Imputer_SV-Classifier,RF-Imputer_RF-Classifier,0.33381996034957007
correlation_coefficient,0.3,Mean-Imputer_SV-Classifier,RF-Imputer_XGB-Classifier,0.004624052972946253
correlation_coefficient,0.3,Mean-Imputer_RF-Classifier,Mean-Imputer_XGB-Classifier,0.08138265993510134
correlation_coefficient,0.3,Mean-Imputer_RF-Classifier,RF-Imputer_SV-Classifier,0.8053140074752794
correlation_coefficient,0.3,Mean-Imputer_RF-Classifier,RF-Imputer_RF-Classifier,0.4073067248155968
correlation_coefficient,0.3,Mean-Imputer_RF-Classifier,RF-Imputer_XGB-Classifier,0.005254726723982536
correlation_coefficient,0.3,Mean-Imputer_XGB-Classifier,RF-Imputer_SV-Classifier,0.0810379001521513
correlation_coefficient,0.3,Mean-Imputer_XGB-Classifier,RF-Imputer_RF-Classifier,0.3769155187533567
correlation_coefficient,0.3,Mean-Imputer_XGB-Classifier,RF-Imputer_XGB-Classifier,0.36029271468289303
correlation_coefficient,0.3,RF-Imputer_SV-Classifier,RF-Imputer_RF-Classifier,0.348000862181274
correlation_coefficient,0.3,RF-Imputer_SV-Classifier,RF-Imputer_XGB-Classifier,0.0028385602641388874
correlation_coefficient,0.3,RF-Imputer_RF-Classifier,RF-Imputer_XGB-Classifier,0.005565268936034545
correlation_coefficient,0.4,KNN-Imputer_SV-Classifier,KNN-Imputer_RF-Classifier,0.35330780284481966
correlation_coefficient,0.4,KNN-Imputer_SV-Classifier,KNN-Imputer_XGB-Classifier,0.18802361168816553
correlation_coefficient,0.4,KNN-Imputer_SV-Classifier,Mean-Imputer_SV-Classifier,0.8969501989310068
correlation_coefficient,0.4,KNN-Imputer_SV-Classifier,Mean-Imputer_RF-Classifier,0.8659895358731884
correlation_coefficient,0.4,KNN-Imputer_SV-Classifier,Mean-Imputer_XGB-Classifier,0.17596020380156413
correlation_coefficient,0.4,KNN-Imputer_SV-Classifier,RF-Imputer_SV-Classifier,0.4122022290762356
correlation_coefficient,0.4,KNN-Imputer_SV-Classifier,RF-Imputer_RF-Classifier,0.20151561212794575
correlation_coefficient,0.4,KNN-Imputer_SV-Classifier,RF-Imputer_XGB-Classifier,0.04638276637418516
correlation_coefficient,0.4,KNN-Imputer_RF-Classifier,KNN-Imputer_XGB-Classifier,0.008068278449023419
correlation_coefficient,0.4,KNN-Imputer_RF-Classifier,Mean-Imputer_SV-Classifier,0.5212564376318238
correlation_coefficient,0.4,KNN-Imputer_RF-Classifier,Mean-Imputer_RF-Classifier,0.15840480882877161
correlation_coefficient,0.4,KNN-Imputer_RF-Classifier,Mean-Imputer_XGB-Classifier,0.007058625474145076
correlation_coefficient,0.4,KNN-Imputer_RF-Classifier,RF-Imputer_SV-Classifier,0.8989689350088366
correlation_coefficient,0.4,KNN-Imputer_RF-Classifier,RF-Imputer_RF-Classifier,0.8560951582121396
correlation_coefficient,0.4,KNN-Imputer_RF-Classifier,RF-Imputer_XGB-Classifier,0.02010312973502149
correlation_coefficient,0.4,KNN-Imputer_XGB-Classifier,Mean-Imputer_SV-Classifier,0.2649379255300177
correlation_coefficient,0.4,KNN-Imputer_XGB-Classifier,Mean-Imputer_RF-Classifier,0.1469921448917289
correlation_coefficient,0.4,KNN-Imputer_XGB-Classifier,Mean-Imputer_XGB-Classifier,0.9923536553020845
correlation_coefficient,0.4,KNN-Imputer_XGB-Classifier,RF-Imputer_SV-Classifier,0.06582795962071934
correlation_coefficient,0.4,KNN-Imputer_XGB-Classifier,RF-Imputer_RF-Classifier,0.05403693953307521
correlation_coefficient,0.4,KNN-Imputer_XGB-Classifier,RF-Imputer_XGB-Classifier,0.9777887098017395
correlation_coefficient,0.4,Mean-Imputer_SV-Classifier,Mean-Imputer_RF-Classifier,0.7968851262079253
correlation_coefficient,0.4,Mean-Imputer_SV-Classifier,Mean-Imputer_XGB-Classifier,0.2031926208454948
correlation_coefficient,0.4,Mean-Imputer_SV-Classifier,RF-Imputer_SV-Classifier,0.46953152227144024
correlation_coefficient,0.4,Mean-Imputer_SV-Classifier,RF-Imputer_RF-Classifier,0.3645250798287115
correlation_coefficient,0.4,Mean-Imputer_SV-Classifier,RF-Imputer_XGB-Classifier,0.09110442956849321
correlation_coefficient,0.4,Mean-Imputer_RF-Classifier,Mean-Imputer_XGB-Classifier,0.029834432994701416
correlation_coefficient,0.4,Mean-Imputer_RF-Classifier,RF-Imputer_SV-Classifier,0.3216576584911953
correlation_coefficient,0.4,Mean-Imputer_RF-Classifier,RF-Imputer_RF-Classifier,0.22133030124599742
correlation_coefficient,0.4,Mean-Imputer_RF-Classifier,RF-Imputer_XGB-Classifier,0.16147812730260666
correlation_coefficient,0.4,Mean-Imputer_XGB-Classifier,RF-Imputer_SV-Classifier,0.047878394128764115
correlation_coefficient,0.4,Mean-Imputer_XGB-Classifier,RF-Imputer_RF-Classifier,0.023469881917844968
correlation_coefficient,0.4,Mean-Imputer_XGB-Classifier,RF-Imputer_XGB-Classifier,0.9809833381918964
correlation_coefficient,0.4,RF-Imputer_SV-Classifier,RF-Imputer_RF-Classifier,0.7289487352204322
correlation_coefficient,0.4,RF-Imputer_SV-Classifier,RF-Imputer_XGB-Classifier,0.02637205659825928
correlation_coefficient,0.4,RF-Imputer_RF-Classifier,RF-Imputer_XGB-Classifier,0.0003513223821279306
correlation_coefficient,0.5,KNN-Imputer_SV-Classifier,KNN-Imputer_RF-Classifier,0.1551417288093142
correlation_coefficient,0.5,KNN-Imputer_SV-Classifier,KNN-Imputer_XGB-Classifier,0.03934474373601265
correlation_coefficient,0.5,KNN-Imputer_SV-Classifier,Mean-Imputer_SV-Classifier,0.06557341089114112
correlation_coefficient,0.5,KNN-Imputer_SV-Classifier,Mean-Imputer_RF-Classifier,0.3096344717099586
correlation_coefficient,0.5,KNN-Imputer_SV-Classifier,Mean-Imputer_XGB-Classifier,0.10747981650538371
correlation_coefficient,0.5,KNN-Imputer_SV-Classifier,RF-Imputer_SV-Classifier,0.7920825762019953
correlation_coefficient,0.5,KNN-Imputer_SV-Classifier,RF-Imputer_RF-Classifier,0.01847530096338269
correlation_coefficient,0.5,KNN-Imputer_SV-Classifier,RF-Imputer_XGB-Classifier,0.04355293637198922
correlation_coefficient,0.5,KNN-Imputer_RF-Classifier,KNN-Imputer_XGB-Classifier,0.38937704578517807
correlation_coefficient,0.5,KNN-Imputer_RF-Classifier,Mean-Imputer_SV-Classifier,0.03682273739999186
correlation_coefficient,0.5,KNN-Imputer_RF-Classifier,Mean-Imputer_RF-Classifier,0.6605389505821482
correlation_coefficient,0.5,KNN-Imputer_RF-Classifier,Mean-Imputer_XGB-Classifier,0.5785757082596159
correlation_coefficient,0.5,KNN-Imputer_RF-Classifier,RF-Imputer_SV-Classifier,0.1644196163697835
correlation_coefficient,0.5,KNN-Imputer_RF-Classifier,RF-Imputer_RF-Classifier,0.14906169931947882
correlation_coefficient,0.5,KNN-Imputer_RF-Classifier,RF-Imputer_XGB-Classifier,0.35675622639552484
correlation_coefficient,0.5,KNN-Imputer_XGB-Classifier,Mean-Imputer_SV-Classifier,0.0057831818025698535
correlation_coefficient,0.5,KNN-Imputer_XGB-Classifier,Mean-Imputer_RF-Classifier,0.21784968232634833
correlation_coefficient,0.5,KNN-Imputer_XGB-Classifier,Mean-Imputer_XGB-Classifier,0.8626347952466221
correlation_coefficient,0.5,KNN-Imputer_XGB-Classifier,RF-Imputer_SV-Classifier,0.05443769575540649
correlation_coefficient,0.5,KNN-Imputer_XGB-Classifier,RF-Imputer_RF-Classifier,0.6090151723041216
correlation_coefficient,0.5,KNN-Imputer_XGB-Classifier,RF-Imputer_XGB-Classifier,0.7955796675628838
correlation_coefficient,0.5,Mean-Imputer_SV-Classifier,Mean-Imputer_RF-Classifier,0.027409022902058548
correlation_coefficient,0.5,Mean-Imputer_SV-Classifier,Mean-Imputer_XGB-Classifier,0.02817819162133993
correlation_coefficient,0.5,Mean-Imputer_SV-Classifier,RF-Imputer_SV-Classifier,0.29491812007403617
correlation_coefficient,0.5,Mean-Imputer_SV-Classifier,RF-Imputer_RF-Classifier,0.0019887920008760072
correlation_coefficient,0.5,Mean-Imputer_SV-Classifier,RF-Imputer_XGB-Classifier,0.006508852374219034
correlation_coefficient,0.5,Mean-Imputer_RF-Classifier,Mean-Imputer_XGB-Classifier,0.22095999859983104
correlation_coefficient,0.5,Mean-Imputer_RF-Classifier,RF-Imputer_SV-Classifier,0.32250337623803793
correlation_coefficient,0.5,Mean-Imputer_RF-Classifier,RF-Imputer_RF-Classifier,0.061481114748515565
correlation_coefficient,0.5,Mean-Imputer_RF-Classifier,RF-Imputer_XGB-Classifier,0.10817774428966427
correlation_coefficient,0.5,Mean-Imputer_XGB-Classifier,RF-Imputer_SV-Classifier,0.1320299231714487
correlation_coefficient,0.5,Mean-Imputer_XGB-Classifier,RF-Imputer_RF-Classifier,0.3892541587075472
correlation_coefficient,0.5,Mean-Imputer_XGB-Classifier,RF-Imputer_XGB-Classifier,0.5865926795071732
correlation_coefficient,0.5,RF-Imputer_SV-Classifier,RF-Imputer_RF-Classifier,0.01771974775486557
correlation_coefficient,0.5,RF-Imputer_SV-Classifier,RF-Imputer_XGB-Classifier,0.09708410415345746
correlation_coefficient,0.5,RF-Imputer_RF-Classifier,RF-Imputer_XGB-Classifier,0.8158156002483775
chi_square,0.1,KNN-Imputer_SV-Classifier,KNN-Imputer_RF-Classifier,0.902267250434587
chi_square,0.1,KNN-Imputer_SV-Classifier,KNN-Imputer_XGB-Classifier,0.006054638059044526
chi_square,0.1,KNN-Imputer_SV-Classifier,Mean-Imputer_SV-Classifier,0.11356112985229719
chi_square,0.1,KNN-Imputer_SV-Classifier,Mean-Imputer_RF-Classifier,0.6092993468467653
chi_square,0.1,KNN-Imputer_SV-Classifier,Mean-Imputer_XGB-Classifier,0.41587816120279975
chi_square,0.1,KNN-Imputer_SV-Classifier,RF-Imputer_SV-Classifier,0.2639196946683656
chi_square,0.1,KNN-Imputer_SV-Classifier,RF-Imputer_RF-Classifier,0.854301715713643
chi_square,0.1,KNN-Imputer_SV-Classifier,RF-Imputer_XGB-Classifier,0.01751709214494052
chi_square,0.1,KNN-Imputer_RF-Classifier,KNN-Imputer_XGB-Classifier,0.0016079006310972207
chi_square,0.1,KNN-Imputer_RF-Classifier,Mean-Imputer_SV-Classifier,0.29587139446344324
chi_square,0.1,KNN-Imputer_RF-Classifier,Mean-Imputer_RF-Classifier,0.6692173605768081
chi_square,0.1,KNN-Imputer_RF-Classifier,Mean-Imputer_XGB-Classifier,0.43497213568359927
chi_square,0.1,KNN-Imputer_RF-Classifier,RF-Imputer_SV-Classifier,0.49801681307997325
chi_square,0.1,KNN-Imputer_RF-Classifier,RF-Imputer_RF-Classifier,0.7692049929806378
chi_square,0.1,KNN-Imputer_RF-Classifier,RF-Imputer_XGB-Classifier,0.007455255404239779
chi_square,0.1,KNN-Imputer_XGB-Classifier,Mean-Imputer_SV-Classifier,0.0012034245064511872
chi_square,0.1,KNN-Imputer_XGB-Classifier,Mean-Imputer_RF-Classifier,0.004538146555395311
chi_square,0.1,KNN-Imputer_XGB-Classifier,Mean-Imputer_XGB-Classifier,0.014543603159020636
chi_square,0.1,KNN-Imputer_XGB-Classifier,RF-Imputer_SV-Classifier,0.0016622019993512477
chi_square,0.1,KNN-Imputer_XGB-Classifier,RF-Imputer_RF-Classifier,0.001983219883344261
chi_square,0.1,KNN-Imputer_XGB-Classifier,RF-Imputer_XGB-Classifier,0.48581762828082686
chi_square,0.1,Mean-Imputer_SV-Classifier,Mean-Imputer_RF-Classifier,0.20746957174118227
chi_square,0.1,Mean-Imputer_SV-Classifier,Mean-Imputer_XGB-Classifier,0.08565390436801712
chi_square,0.1,Mean-Imputer_SV-Classifier,RF-Imputer_SV-Classifier,0.4878291998133978
chi_square,0.1,Mean-Imputer_SV-Classifier,RF-Imputer_RF-Classifier,0.38787563576798345
chi_square,0.1,Mean-Imputer_SV-Classifier,RF-Imputer_XGB-Classifier,0.0024313059073648832
chi_square,0.1,Mean-Imputer_RF-Classifier,Mean-Imputer_XGB-Classifier,0.5945200291328536
chi_square,0.1,Mean-Imputer_RF-Classifier,RF-Imputer_SV-Classifier,0.2860689037330834
chi_square,0.1,Mean-Imputer_RF-Classifier,RF-Imputer_RF-Classifier,0.469699432035074
chi_square,0.1,Mean-Imputer_RF-Classifier,RF-Imputer_XGB-Classifier,0.008885407306547874
chi_square,0.1,Mean-Imputer_XGB-Classifier,RF-Imputer_SV-Classifier,0.1616710218167729
chi_square,0.1,Mean-Imputer_XGB-Classifier,RF-Imputer_RF-Classifier,0.190731822325868
chi_square,0.1,Mean-Imputer_XGB-Classifier,RF-Imputer_XGB-Classifier,0.0044845099120667635
chi_square,0.1,RF-Imputer_SV-Classifier,RF-Imputer_RF-Classifier,0.665694100016561
chi_square,0.1,RF-Imputer_SV-Classifier,RF-Imputer_XGB-Classifier,0.004095721226538579
chi_square,0.1,RF-Imputer_RF-Classifier,RF-Imputer_XGB-Classifier,0.003333396381855713
chi_square,0.2,KNN-Imputer_SV-Classifier,KNN-Imputer_RF-Classifier,0.6577556119013634
chi_square,0.2,KNN-Imputer_SV-Classifier,KNN-Imputer_XGB-Classifier,0.12441554057488585
chi_square,0.2,KNN-Imputer_SV-Classifier,Mean-Imputer_SV-Classifier,0.04788489628861673
chi_square,0.2,KNN-Imputer_SV-Classifier,Mean-Imputer_RF-Classifier,0.1912954502154703
chi_square,0.2,KNN-Imputer_SV-Classifier,Mean-Imputer_XGB-Classifier,0.9816809382838773
chi_square,0.2,KNN-Imputer_SV-Classifier,RF-Imputer_SV-Classifier,0.14557833604205447
chi_square,0.2,KNN-Imputer_SV-Classifier,RF-Imputer_RF-Classifier,0.37386121719709475
chi_square,0.2,KNN-Imputer_SV-Classifier,RF-Imputer_XGB-Classifier,0.845263839483327
chi_square,0.2,KNN-Imputer_RF-Classifier,KNN-Imputer_XGB-Classifier,0.08255603309085852
chi_square,0.2,KNN-Imputer_RF-Classifier,Mean-Imputer_SV-Classifier,0.4000735394790117
chi_square,0.2,KNN-Imputer_RF-Classifier,Mean-Imputer_RF-Classifier,0.3584178695545127
chi_square,0.2,KNN-Imputer_RF-Classifier,Mean-Imputer_XGB-Classifier,0.7547721722769847
chi_square,0.2,KNN-Imputer_RF-Classifier,RF-Imputer_SV-Classifier,0.524247359717752
chi_square,0.2,KNN-Imputer_RF-Classifier,RF-Imputer_RF-Classifier,0.5322639137930563
chi_square,0.2,KNN-Imputer_RF-Classifier,RF-Imputer_XGB-Classifier,0.5265342937125106
chi_square,0.2,KNN-Imputer_XGB-Classifier,Mean-Imputer_SV-Classifier,0.005288928025832778
chi_square,0.2,KNN-Imputer_XGB-Classifier,Mean-Imputer_RF-Classifier,0.0008764017492084811
chi_square,0.2,KNN-Imputer_XGB-Classifier,Mean-Imputer_XGB-Classifier,0.056068445493642496
chi_square,0.2,KNN-Imputer_XGB-Classifier,RF-Imputer_SV-Classifier,0.018117170341528904
chi_square,0.2,KNN-Imputer_XGB-Classifier,RF-Imputer_RF-Classifier,0.04004632583729051
chi_square,0.2,KNN-Imputer_XGB-Classifier,RF-Imputer_XGB-Classifier,0.17686776916354724
chi_square,0.2,Mean-Imputer_SV-Classifier,Mean-Imputer_RF-Classifier,0.8843599811119385
chi_square,0.2,Mean-Imputer_SV-Classifier,Mean-Imputer_XGB-Classifier,0.24325496530387658
chi_square,0.2,Mean-Imputer_SV-Classifier,RF-Imputer_SV-Classifier,0.7106454084452121
chi_square,0.2,Mean-Imputer_SV-Classifier,RF-Imputer_RF-Classifier,0.7205239811277347
chi_square,0.2,Mean-Imputer_SV-Classifier,RF-Imputer_XGB-Classifier,0.22648509245485834
chi_square,0.2,Mean-Imputer_RF-Classifier,Mean-Imputer_XGB-Classifier,0.217083256538679
chi_square,0.2,Mean-Imputer_RF-Classifier,RF-Imputer_SV-Classifier,0.8666047392106226
chi_square,0.2,Mean-Imputer_RF-Classifier,RF-Imputer_RF-Classifier,0.8068709797273538
chi_square,0.2,Mean-Imputer_RF-Classifier,RF-Imputer_XGB-Classifier,0.14008541507489533
chi_square,0.2,Mean-Imputer_XGB-Classifier,RF-Imputer_SV-Classifier,0.3823931480687319
chi_square,0.2,Mean-Imputer_XGB-Classifier,RF-Imputer_RF-Classifier,0.45135870454284066
chi_square,0.2,Mean-Imputer_XGB-Classifier,RF-Imputer_XGB-Classifier,0.7994107209930952
chi_square,0.2,RF-Imputer_SV-Classifier,RF-Imputer_RF-Classifier,0.9032022707881754
chi_square,0.2,RF-Imputer_SV-Classifier,RF-Imputer_XGB-Classifier,0.2540744074177401
chi_square,0.2,RF-Imputer_RF-Classifier,RF-Imputer_XGB-Classifier,0.21530436866582373
chi_square,0.3,KNN-Imputer_SV-Classifier,KNN-Imputer_RF-Classifier,0.7751555125636307
chi_square,0.3,KNN-Imputer_SV-Classifier,KNN-Imputer_XGB-Classifier,0.1946131696615779
chi_square,0.3,KNN-Imputer_SV-Classifier,Mean-Imputer_SV-Classifier,0.9911668549755223
chi_square,0.3,KNN-Imputer_SV-Classifier,Mean-Imputer_RF-Classifier,0.6526871975186046
chi_square,0.3,KNN-Imputer_SV-Classifier,Mean-Imputer_XGB-Classifier,0.2442184806252359
chi_square,0.3,KNN-Imputer_SV-Classifier,RF-Imputer_SV-Classifier,0.45883631883179843
chi_square,0.3,KNN-Imputer_SV-Classifier,RF-Imputer_RF-Classifier,0.43220833053241126
chi_square,0.3,KNN-Imputer_SV-Classifier,RF-Imputer_XGB-Classifier,0.01110589373755384
chi_square,0.3,KNN-Imputer_RF-Classifier,KNN-Imputer_XGB-Classifier,0.2445782887908882
chi_square,0.3,KNN-Imputer_RF-Classifier,Mean-Imputer_SV-Classifier,0.753582727682238
chi_square,0.3,KNN-Imputer_RF-Classifier,Mean-Imputer_RF-Classifier,0.8786440433698385
chi_square,0.3,KNN-Imputer_RF-Classifier,Mean-Imputer_XGB-Classifier,0.3448707608021949
chi_square,0.3,KNN-Imputer_RF-Classifier,RF-Imputer_SV-Classifier,0.4615613110555219
chi_square,0.3,KNN-Imputer_RF-Classifier,RF-Imputer_RF-Classifier,0.48032992274250863
chi_square,0.3,KNN-Imputer_RF-Classifier,RF-Imputer_XGB-Classifier,0.0064705641999785145
chi_square,0.3,KNN-Imputer_XGB-Classifier,Mean-Imputer_SV-Classifier,0.16629570436426225
chi_square,0.3,KNN-Imputer_XGB-Classifier,Mean-Imputer_RF-Classifier,0.34653403276913464
chi_square,0.3,KNN-Imputer_XGB-Classifier,Mean-Imputer_XGB-Classifier,0.8993653059045066
chi_square,0.3,KNN-Imputer_XGB-Classifier,RF-Imputer_SV-Classifier,0.05015164405825733
chi_square,0.3,KNN-Imputer_XGB-Classifier,RF-Imputer_RF-Classifier,0.6693963154355409
chi_square,0.3,KNN-Imputer_XGB-Classifier,RF-Imputer_XGB-Classifier,0.11761691686246548
chi_square,0.3,Mean-Imputer_SV-Classifier,Mean-Imputer_RF-Classifier,0.6110178768587307
chi_square,0.3,Mean-Imputer_SV-Classifier,Mean-Imputer_XGB-Classifier,0.23477540119444565
chi_square,0.3,Mean-Imputer_SV-Classifier,RF-Imputer_SV-Classifier,0.2930501906995804
chi_square,0.3,Mean-Imputer_SV-Classifier,RF-Imputer_RF-Classifier,0.36629571996293175
chi_square,0.3,Mean-Imputer_SV-Classifier,RF-Imputer_XGB-Classifier,0.005202821041931272
chi_square,0.3,Mean-Imputer_RF-Classifier,Mean-Imputer_XGB-Classifier,0.2909656024657062
chi_square,0.3,Mean-Imputer_RF-Classifier,RF-Imputer_SV-Classifier,0.303286857821996
chi_square,0.3,Mean-Imputer_RF-Classifier,RF-Imputer_RF-Classifier,0.5189867204363899
chi_square,0.3,Mean-Imputer_RF-Classifier,RF-Imputer_XGB-Classifier,0.0026787826885436715
chi_square,0.3,Mean-Imputer_XGB-Classifier,RF-Imputer_SV-Classifier,0.10405460597960907
chi_square,0.3,Mean-Imputer_XGB-Classifier,RF-Imputer_RF-Classifier,0.8188557250499352
chi_square,0.3,Mean-Imputer_XGB-Classifier,RF-Imputer_XGB-Classifier,0.08451088567172813
chi_square,0.3,RF-Imputer_SV-Classifier,RF-Imputer_RF-Classifier,0.12367008804393262
chi_square,0.3,RF-Imputer_SV-Classifier,RF-Imputer_XGB-Classifier,0.0013585018321044696
chi_square,0.3,RF-Imputer_RF-Classifier,RF-Imputer_XGB-Classifier,0.017893484039153314
chi_square,0.4,KNN-Imputer_SV-Classifier,KNN-Imputer_RF-Classifier,0.7230997870762415
chi_square,0.4,KNN-Imputer_SV-Classifier,KNN-Imputer_XGB-Classifier,0.0770306988017243
chi_square,0.4,KNN-Imputer_SV-Classifier,Mean-Imputer_SV-Classifier,0.08130398947027016
chi_square,0.4,KNN-Imputer_SV-Classifier,Mean-Imputer_RF-Classifier,0.30473697629387536
chi_square,0.4,KNN-Imputer_SV-Classifier,Mean-Imputer_XGB-Classifier,0.003926342755855605
chi_square,0.4,KNN-Imputer_SV-Classifier,RF-Imputer_SV-Classifier,0.6958222255044628
chi_square,0.4,KNN-Imputer_SV-Classifier,RF-Imputer_RF-Classifier,0.5947853044070223
chi_square,0.4,KNN-Imputer_SV-Classifier,RF-Imputer_XGB-Classifier,0.02598600793052033
chi_square,0.4,KNN-Imputer_RF-Classifier,KNN-Imputer_XGB-Classifier,0.0770870143665368
chi_square,0.4,KNN-Imputer_RF-Classifier,Mean-Imputer_SV-Classifier,0.5889325022272436
chi_square,0.4,KNN-Imputer_RF-Classifier,Mean-Imputer_RF-Classifier,0.2310879678024498
chi_square,0.4,KNN-Imputer_RF-Classifier,Mean-Imputer_XGB-Classifier,0.005284359080113199
chi_square,0.4,KNN-Imputer_RF-Classifier,RF-Imputer_SV-Classifier,0.9280827440557837
chi_square,0.4,KNN-Imputer_RF-Classifier,RF-Imputer_RF-Classifier,0.7680276194683671
chi_square,0.4,KNN-Imputer_RF-Classifier,RF-Imputer_XGB-Classifier,0.036040368070213255
chi_square,0.4,KNN-Imputer_XGB-Classifier,Mean-Imputer_SV-Classifier,0.3685191277135129
chi_square,0.4,KNN-Imputer_XGB-Classifier,Mean-Imputer_RF-Classifier,0.33540896254420094
chi_square,0.4,KNN-Imputer_XGB-Classifier,Mean-Imputer_XGB-Classifier,0.12983016097022723
chi_square,0.4,KNN-Imputer_XGB-Classifier,RF-Imputer_SV-Classifier,0.08908793445972853
chi_square,0.4,KNN-Imputer_XGB-Classifier,RF-Imputer_RF-Classifier,0.19261503019244405
chi_square,0.4,KNN-Imputer_XGB-Classifier,RF-Imputer_XGB-Classifier,0.4842345812392407
chi_square,0.4,Mean-Imputer_SV-Classifier,Mean-Imputer_RF-Classifier,0.8305601701113706
chi_square,0.4,Mean-Imputer_SV-Classifier,Mean-Imputer_XGB-Classifier,0.03218263363922144
chi_square,0.4,Mean-Imputer_SV-Classifier,RF-Imputer_SV-Classifier,0.4804282859603062
chi_square,0.4,Mean-Imputer_SV-Classifier,RF-Imputer_RF-Classifier,0.7882464724545881
chi_square,0.4,Mean-Imputer_SV-Classifier,RF-Imputer_XGB-Classifier,0.1339678885757776
chi_square,0.4,Mean-Imputer_RF-Classifier,Mean-Imputer_XGB-Classifier,0.0196054401347869
chi_square,0.4,Mean-Imputer_RF-Classifier,RF-Imputer_SV-Classifier,0.3665228320124675
chi_square,0.4,Mean-Imputer_RF-Classifier,RF-Imputer_RF-Classifier,0.4436180806373574
chi_square,0.4,Mean-Imputer_RF-Classifier,RF-Imputer_XGB-Classifier,0.17038662341496713
chi_square,0.4,Mean-Imputer_XGB-Classifier,RF-Imputer_SV-Classifier,0.0020142416751374615
chi_square,0.4,Mean-Imputer_XGB-Classifier,RF-Imputer_RF-Classifier,0.0143107867584974
chi_square,0.4,Mean-Imputer_XGB-Classifier,RF-Imputer_XGB-Classifier,0.3605836007848642
chi_square,0.4,RF-Imputer_SV-Classifier,RF-Imputer_RF-Classifier,0.7651130293079361
chi_square,0.4,RF-Imputer_SV-Classifier,RF-Imputer_XGB-Classifier,0.023027936020191247
chi_square,0.4,RF-Imputer_RF-Classifier,RF-Imputer_XGB-Classifier,0.07029499466414356
chi_square,0.5,KNN-Imputer_SV-Classifier,KNN-Imputer_RF-Classifier,0.3196254023694062
chi_square,0.5,KNN-Imputer_SV-Classifier,KNN-Imputer_XGB-Classifier,0.08902523490431753
chi_square,0.5,KNN-Imputer_SV-Classifier,Mean-Imputer_SV-Classifier,0.19488988829774873
chi_square,0.5,KNN-Imputer_SV-Classifier,Mean-Imputer_RF-Classifier,0.28307302991882277
chi_square,0.5,KNN-Imputer_SV-Classifier,Mean-Imputer_XGB-Classifier,0.005608333278456377
chi_square,0.5,KNN-Imputer_SV-Classifier,RF-Imputer_SV-Classifier,0.33881054686802325
chi_square,0.5,KNN-Imputer_SV-Classifier,RF-Imputer_RF-Classifier,0.057310159206416286
chi_square,0.5,KNN-Imputer_SV-Classifier,RF-Imputer_XGB-Classifier,0.00016336622879674012
chi_square,0.5,KNN-Imputer_RF-Classifier,KNN-Imputer_XGB-Classifier,0.35429677104302404
chi_square,0.5,KNN-Imputer_RF-Classifier,Mean-Imputer_SV-Classifier,0.04200060878473057
chi_square,0.5,KNN-Imputer_RF-Classifier,Mean-Imputer_RF-Classifier,0.4894936697538297
chi_square,0.5,KNN-Imputer_RF-Classifier,Mean-Imputer_XGB-Classifier,0.020076098198257824
chi_square,0.5,KNN-Imputer_RF-Classifier,RF-Imputer_SV-Classifier,0.1320660931527593
chi_square,0.5,KNN-Imputer_RF-Classifier,RF-Imputer_RF-Classifier,0.2163723902481212
chi_square,0.5,KNN-Imputer_RF-Classifier,RF-Imputer_XGB-Classifier,0.013204381678370802
chi_square,0.5,KNN-Imputer_XGB-Classifier,Mean-Imputer_SV-Classifier,0.030116407575493536
chi_square,0.5,KNN-Imputer_XGB-Classifier,Mean-Imputer_RF-Classifier,0.7988916632606149
chi_square,0.5,KNN-Imputer_XGB-Classifier,Mean-Imputer_XGB-Classifier,0.030551184954704564
chi_square,0.5,KNN-Imputer_XGB-Classifier,RF-Imputer_SV-Classifier,0.059529055519963354
chi_square,0.5,KNN-Imputer_XGB-Classifier,RF-Imputer_RF-Classifier,0.6123462135829243
chi_square,0.5,KNN-Imputer_XGB-Classifier,RF-Imputer_XGB-Classifier,0.02009976104641407
chi_square,0.5,Mean-Imputer_SV-Classifier,Mean-Imputer_RF-Classifier,0.060765294958602424
chi_square,0.5,Mean-Imputer_SV-Classifier,Mean-Imputer_XGB-Classifier,0.0018608870459403432
chi_square,0.5,Mean-Imputer_SV-Classifier,RF-Imputer_SV-Classifier,0.8144102741206146
chi_square,0.5,Mean-Imputer_SV-Classifier,RF-Imputer_RF-Classifier,0.007367053733479975
chi_square,0.5,Mean-Imputer_SV-Classifier,RF-Imputer_XGB-Classifier,0.00039988775952333493
chi_square,0.5,Mean-Imputer_RF-Classifier,Mean-Imputer_XGB-Classifier,0.026027491955127557
chi_square,0.5,Mean-Imputer_RF-Classifier,RF-Imputer_SV-Classifier,0.15442642790244812
chi_square,0.5,Mean-Imputer_RF-Classifier,RF-Imputer_RF-Classifier,0.5251147502320693
chi_square,0.5,Mean-Imputer_RF-Classifier,RF-Imputer_XGB-Classifier,0.08909460094179603
chi_square,0.5,Mean-Imputer_XGB-Classifier,RF-Imputer_SV-Classifier,0.006446551416204212
chi_square,0.5,Mean-Imputer_XGB-Classifier,RF-Imputer_RF-Classifier,0.07378419344802763
chi_square,0.5,Mean-Imputer_XGB-Classifier,RF-Imputer_XGB-Classifier,0.8349835015689777
chi_square,0.5,RF-Imputer_SV-Classifier,RF-Imputer_RF-Classifier,0.01446502566036987
chi_square,0.5,RF-Imputer_SV-Classifier,RF-Imputer_XGB-Classifier,0.00010660736507839132
chi_square,0.5,RF-Imputer_RF-Classifier,RF-Imputer_XGB-Classifier,0.12357014403554371
